"Plugin","IP Address","Repository","Plugin Text","Last Observed"
"10902","155.206.29.7","NOAA4400-NMFS-SEC CyberScope","Plugin Output: 
The following users are members of the 'Administrators' group :

  - SECGS-LAF1\GalAdmin (User)
  - NMFS\Domain Admins (Group)
  - NMFS\SECGG-OUAdmins (Group)
  - NMFS\SEC Galveston OU Owners (Group)
  - NMFS\SECGG-LocalAdmins (Group)","Oct 14, 2016 02:25:41 UTC"
"10902","155.206.29.22","NOAA4400-NMFS-SEC CyberScope","Plugin Output: 
The following users are members of the 'Administrators' group :

  - SECGD-WILCOXL\GalAdmin (User)
  - SECGD-WILCOXL\localadmin (User)
  - NMFS\SECGG-OUAdmins (Group)
  - NMFS\SECGG-LafGenOUAdmins (Group)
  - NMFS\SECGG-LocalAdmins (Group)","Oct 14, 2016 02:25:41 UTC"
"10902","155.206.29.25","NOAA4400-NMFS-SEC CyberScope","Plugin Output: 
The following users are members of the 'Administrators' group :

  - SECGD-CarrierRn\GalAdmin (User)
  - SECGD-CarrierRn\localadmin (User)
  - NMFS\Domain Admins (Group)
  - NMFS\SECGG-OUAdmins (Group)
  - NMFS\SECGG-LocalAdmins (Group)","Oct 14, 2016 02:25:41 UTC"
"10902","155.206.29.26","NOAA4400-NMFS-SEC CyberScope","Plugin Output: 
The following users are members of the 'Administrators' group :

  - SECGD-BOURGEOB3\GalAdmin (User)
  - SECGD-BOURGEOB3\localadmin (User)
  - NMFS\Domain Admins (Group)
  - NMFS\SECGG-OUAdmins (Group)
  - NMFS\SECGG-LocalAdmins (Group)","Oct 14, 2016 02:25:41 UTC"
"10902","155.206.29.29","NOAA4400-NMFS-SEC CyberScope","Plugin Output: 
The following users are members of the 'Administrators' group :

  - SECGD-Orcinus\GalAdmin (User)
  - SECGD-Orcinus\localadmin (User)
  - NMFS\SECGG-OUAdmins (Group)
  - NMFS\SECGG-LafGenOUAdmins (Group)
  - NMFS\SECGG-LocalAdmins (Group)","Oct 14, 2016 02:25:41 UTC"
"10902","155.206.29.31","NOAA4400-NMFS-SEC CyberScope","Plugin Output: 
The following users are members of the 'Administrators' group :

  - SECGD-Grampus\GalAdmin (User)
  - SECGD-Grampus\localadmin (User)
  - NMFS\SECGG-OUAdmins (Group)
  - NMFS\SECGG-LafGenOUAdmins (Group)
  - NMFS\Domain Admins (Group)
  - NMFS\SECGG-LocalAdmins (Group)","Oct 14, 2016 02:25:41 UTC"
"10902","155.206.29.34","NOAA4400-NMFS-SEC CyberScope","Plugin Output: 
The following users are members of the 'Administrators' group :

  - SECGD-LAFHAB1\GalAdmin (User)
  - SECGD-LAFHAB1\localadmin (User)
  - NMFS\Domain Admins (Group)
  - NMFS\SECGG-OUAdmins (Group)
  - NMFS\SECGG-LocalAdmins (Group)","Oct 14, 2016 02:25:41 UTC"
"10902","155.206.29.35","NOAA4400-NMFS-SEC CyberScope","Plugin Output: 
The following users are members of the 'Administrators' group :

  - SECGD-SPREHNG\GalAdmin (User)
  - SECGD-SPREHNG\localadmin (User)
  - NMFS\Domain Admins (Group)
  - NMFS\SECGG-OUAdmins (Group)
  - NMFS\SECGG-LafGenOUAdmins (Group)
  - NMFS\SECGG-LocalAdmins (Group)","Oct 14, 2016 02:25:41 UTC"
"10902","155.206.29.42","NOAA4400-NMFS-SEC CyberScope","Plugin Output: 
The following users are members of the 'Administrators' group :

  - SECGD-UMBELLULA\GalAdmin (User)
  - SECGD-UMBELLULA\localadmin (User)
  - NMFS\SECGG-OUAdmins (Group)
  - NMFS\SECGG-LafGenOUAdmins (Group)
  - NMFS\Domain Admins (Group)
  - NMFS\SECGG-LocalAdmins (Group)","Oct 14, 2016 02:25:41 UTC"
"10902","155.206.29.44","NOAA4400-NMFS-SEC CyberScope","Plugin Output: 
The following users are members of the 'Administrators' group :

  - SECGD-DIOPTRICA\GalAdmin (User)
  - SECGD-DIOPTRICA\localadmin (User)
  - NMFS\Domain Admins (Group)
  - NMFS\SECGG-OUAdmins (Group)
  - NMFS\SECGG-LafGenOUAdmins (Group)
  - NMFS\SECGG-LocalAdmins (Group)","Oct 14, 2016 02:25:41 UTC"
"10902","155.206.111.6","NOAA4400-NMFS-SEC CyberScope","Plugin Output: 
The following users are members of the 'Administrators' group :

  - NMFS\Domain Admins (Group)
  - NMFS\Enterprise Admins (Group)
  - NMFS\WRoot (User)","Oct 13, 2016 15:19:31 UTC"
"10902","155.206.111.7","NOAA4400-NMFS-SEC CyberScope","Plugin Output: 
The following users are members of the 'Administrators' group :

  - SECGS-AP\GalAdmin (User)
  - NMFS\Domain Admins (Group)
  - NMFS\SECGG-LocalAdmins (Group)
  - NMFS\SECGG-OUAdmins (Group)
  - NMFS\SEC Galveston OU Owners (Group)","Oct 13, 2016 15:19:31 UTC"
"10902","155.206.111.8","NOAA4400-NMFS-SEC CyberScope","Plugin Output: 
The following users are members of the 'Administrators' group :

  - SECGS-DB1\GalAdmin (User)
  - NMFS\Domain Admins (Group)
  - NMFS\SECGG-LocalAdmins (Group)
  - NMFS\SECGG-OUAdmins (Group)
  - NMFS\SEC Galveston OU Owners (Group)","Oct 13, 2016 15:19:31 UTC"
"10902","155.206.111.11","NOAA4400-NMFS-SEC CyberScope","Plugin Output: 
The following user is a member of the 'Administrators' group :

  - NMFS\Domain Admins (Group)","Oct 13, 2016 18:04:21 UTC"
"10902","155.206.111.11","NOAA4400-NMFS-SEC CyberScope","Plugin Output: 
The following user is a member of the 'Administrators' group :

  - NMFS\Domain Admins (Group)","Oct 13, 2016 15:19:31 UTC"
"10902","155.206.111.31","NOAA4400-NMFS-SEC CyberScope","Plugin Output: 
The following users are members of the 'Administrators' group :

  - SECGD-BaumerT\GalAdmin (User)
  - SECGD-BaumerT\localadmin (User)
  - NMFS\Domain Admins (Group)
  - NMFS\SECGG-LocalAdmins (Group)
  - NMFS\SECGG-OUAdmins (Group)","Oct 13, 2016 15:19:31 UTC"
"10902","155.206.111.32","NOAA4400-NMFS-SEC CyberScope","Plugin Output: 
The following users are members of the 'Administrators' group :

  - SECGD-primroj\GalAdmin (User)
  - SECGD-primroj\localadmin (User)
  - NMFS\Domain Admins (Group)
  - NMFS\SECGG-OUAdmins (Group)
  - NMFS\SECGG-LocalAdmins (Group)","Oct 13, 2016 15:19:31 UTC"
"10902","155.206.111.37","NOAA4400-NMFS-SEC CyberScope","Plugin Output: 
The following users are members of the 'Administrators' group :

  - SECGN-BensonK2\GalAdmin (User)
  - SECGN-BensonK2\localadmin (User)
  - NMFS\Domain Admins (Group)
  - NMFS\SECGG-OUAdmins (Group)
  - NMFS\kristopher.benson (User)
  - NMFS\SECGG-LocalAdmins (Group)","Oct 13, 2016 15:19:31 UTC"
"10902","155.206.111.38","NOAA4400-NMFS-SEC CyberScope","Plugin Output: 
The following users are members of the 'Administrators' group :

  - SECGN-LOANER3\GalAdmin (User)
  - SECGN-LOANER3\localadmin (User)
  - NMFS\Domain Admins (Group)
  - NMFS\SECGG-OUAdmins (Group)
  - NMFS\SECGG-LocalAdmins (Group)","Oct 13, 2016 15:19:31 UTC"
"10902","155.206.111.39","NOAA4400-NMFS-SEC CyberScope","Plugin Output: 
The following users are members of the 'Administrators' group :

  - SECGN-RandolpJ2\GalAdmin (User)
  - SECGN-RandolpJ2\localadmin (User)
  - NMFS\Domain Admins (Group)
  - NMFS\SECGG-OUAdmins (Group)
  - NMFS\SECGG-LocalAdmins (Group)","Oct 13, 2016 15:19:31 UTC"
"10902","155.206.111.41","NOAA4400-NMFS-SEC CyberScope","Plugin Output: 
The following users are members of the 'Administrators' group :

  - SECGD-DUFFINB\GalAdmin (User)
  - SECGD-DUFFINB\localadmin (User)
  - NMFS\Domain Admins (Group)
  - NMFS\SECGG-OUAdmins (Group)
  - NMFS\SECGG-LocalAdmins (Group)","Oct 13, 2016 15:19:31 UTC"
"10902","155.206.111.43","NOAA4400-NMFS-SEC CyberScope","Plugin Output: 
The following users are members of the 'Administrators' group :

  - SECGD-McmahenD\GalAdmin (User)
  - SECGD-McmahenD\localadmin (User)
  - NMFS\SECGG-OUAdmins (Group)
  - NMFS\Domain Admins (Group)
  - NMFS\SECGG-LocalAdmins (Group)","Oct 13, 2016 15:19:31 UTC"
"10902","155.206.111.44","NOAA4400-NMFS-SEC CyberScope","Plugin Output: 
The following users are members of the 'Administrators' group :

  - SECGD-Benthic1\GalAdmin (User)
  - SECGD-Benthic1\localadmin (User)
  - NMFS\Domain Admins (Group)
  - NMFS\SECGG-OUAdmins (Group)
  - NMFS\SECGG-LocalAdmins (Group)","Oct 13, 2016 15:19:31 UTC"
"10902","155.206.111.45","NOAA4400-NMFS-SEC CyberScope","Plugin Output: 
The following users are members of the 'Administrators' group :

  - SECGN-WILLIAMJ\localadmin (User)
  - NMFS\SECGG-OUAdmins (Group)
  - S-1-5-21-3046611522-1187192407-2080845685-1114\ (Unknown)
  - SECGN-WILLIAMJ\GalAdmin (User)
  - NMFS\Domain Admins (Group)
  - NMFS\SECGG-OUAdmins (Group)
  - NMFS\SECGG-LocalAdmins (Group)","Oct 13, 2016 15:19:31 UTC"
"10902","155.206.111.46","NOAA4400-NMFS-SEC CyberScope","Plugin Output: 
The following users are members of the 'Administrators' group :

  - SECGD-HOWELLL\GalAdmin (User)
  - SECGD-HOWELLL\localadmin (User)
  - NMFS\Domain Admins (Group)
  - NMFS\SECGG-OUAdmins (Group)
  - NMFS\SECGG-LocalAdmins (Group)","Oct 13, 2016 15:19:31 UTC"
"10902","155.206.111.47","NOAA4400-NMFS-SEC CyberScope","Plugin Output: 
The following users are members of the 'Administrators' group :

  - SECGD-ColtonR\GalAdmin (User)
  - SECGD-ColtonR\localadmin (User)
  - NMFS\Domain Admins (Group)
  - NMFS\SECGG-OUAdmins (Group)
  - NMFS\SECGG-LocalAdmins (Group)","Oct 13, 2016 15:19:31 UTC"
"10902","155.206.111.48","NOAA4400-NMFS-SEC CyberScope","Plugin Output: 
The following users are members of the 'Administrators' group :

  - SECGD-PADILLAF\GalAdmin (User)
  - SECGD-PADILLAF\localadmin (User)
  - NMFS\Domain Admins (Group)
  - NMFS\SECGG-OUAdmins (Group)
  - NMFS\SECGG-LocalAdmins (Group)","Oct 12, 2016 21:42:28 UTC"
"10902","155.206.111.49","NOAA4400-NMFS-SEC CyberScope","Plugin Output: 
The following users are members of the 'Administrators' group :

  - SECGD-STAVESA\GalAdmin (User)
  - SECGD-STAVESA\localadmin (User)
  - NMFS\Domain Admins (Group)
  - NMFS\SECGG-OUAdmins (Group)
  - NMFS\SECGG-LocalAdmins (Group)","Oct 13, 2016 15:19:31 UTC"
"10902","155.206.111.54","NOAA4400-NMFS-SEC CyberScope","Plugin Output: 
The following users are members of the 'Administrators' group :

  - SECGD-RichieG\GalAdmin (User)
  - SECGD-RichieG\localadmin (User)
  - NMFS\Domain Admins (Group)
  - NMFS\SECGG-OUAdmins (Group)
  - NMFS\SECGG-LocalAdmins (Group)","Oct 13, 2016 15:19:31 UTC"
"10902","155.206.111.55","NOAA4400-NMFS-SEC CyberScope","Plugin Output: 
The following users are members of the 'Administrators' group :

  - SECGD-GISLab2\GalAdmin (User)
  - SECGD-GISLab2\localadmin (User)
  - NMFS\Domain Admins (Group)
  - NMFS\SECGG-LocalAdmins (Group)
  - NMFS\SECGG-OUAdmins (Group)","Oct 13, 2016 15:19:31 UTC"
"10902","155.206.111.56","NOAA4400-NMFS-SEC CyberScope","Plugin Output: 
The following users are members of the 'Administrators' group :

  - SECGD-MarzjarM\GalAdmin (User)
  - SECGD-MarzjarM\localadmin (User)
  - NMFS\Domain Admins (Group)
  - NMFS\SECGG-OUAdmins (Group)
  - NMFS\SECGG-LocalAdmins (Group)","Oct 13, 2016 15:19:31 UTC"
"10902","155.206.111.57","NOAA4400-NMFS-SEC CyberScope","Plugin Output: 
The following users are members of the 'Administrators' group :

  - SECGD-DittyJ\GalAdmin (User)
  - SECGD-DittyJ\localadmin (User)
  - NMFS\Domain Admins (Group)
  - NMFS\SECGG-OUAdmins (Group)
  - NMFS\SECGG-LocalAdmins (Group)","Oct 13, 2016 15:19:31 UTC"
"10902","155.206.111.58","NOAA4400-NMFS-SEC CyberScope","Plugin Output: 
The following users are members of the 'Administrators' group :

  - SECGD-DoerrJ\GalAdmin (User)
  - SECGD-DoerrJ\localadmin (User)
  - NMFS\Domain Admins (Group)
  - NMFS\SECGG-OUAdmins (Group)
  - NMFS\SECGG-LocalAdmins (Group)","Oct 13, 2016 15:19:31 UTC"
"10902","155.206.111.60","NOAA4400-NMFS-SEC CyberScope","Plugin Output: 
The following users are members of the 'Administrators' group :

  - SECGD-HigginsB\GalAdmin (User)
  - SECGD-HigginsB\localadmin (User)
  - NMFS\Domain Admins (Group)
  - NMFS\SECGG-OUAdmins (Group)
  - NMFS\SECGG-LocalAdmins (Group)","Oct 13, 2016 15:19:31 UTC"
"10902","155.206.111.65","NOAA4400-NMFS-SEC CyberScope","Plugin Output: 
The following users are members of the 'Administrators' group :

  - SECGN-SwafforR2\GalAdmin (User)
  - SECGN-SwafforR2\localadmin (User)
  - NMFS\Domain Admins (Group)
  - NMFS\SECGG-LocalAdmins (Group)
  - NMFS\SECGG-OUAdmins (Group)","Oct 13, 2016 15:19:31 UTC"
"10902","155.206.111.66","NOAA4400-NMFS-SEC CyberScope","Plugin Output: 
The following users are members of the 'Administrators' group :

  - SECGD-KestersM\GalAdmin (User)
  - SECGD-KestersM\localadmin (User)
  - NMFS\Domain Admins (Group)
  - NMFS\SECGG-OUAdmins (Group)
  - NMFS\SECGG-LocalAdmins (Group)","Oct 13, 2016 15:19:31 UTC"
"10902","155.206.111.67","NOAA4400-NMFS-SEC CyberScope","Plugin Output: 
The following users are members of the 'Administrators' group :

  - SECGD-ENGELK\GalAdmin (User)
  - SECGD-ENGELK\localadmin (User)
  - NMFS\Domain Admins (Group)
  - NMFS\SECGG-OUAdmins (Group)
  - NMFS\SECGG-LocalAdmins (Group)","Oct 13, 2016 15:19:31 UTC"
"10902","155.206.111.68","NOAA4400-NMFS-SEC CyberScope","Plugin Output: 
The following users are members of the 'Administrators' group :

  - SECGN-WALKERM\GalAdmin (User)
  - SECGN-WALKERM\USER-Admin (User)
  - SECGN-WALKERM\FDCC-Admin (User)
  - SECGN-WALKERM\padmin (User)
  - SECGN-WALKERM\localadmin (User)
  - NMFS\Domain Admins (Group)
  - NMFS\SECGG-OUAdmins (Group)
  - NMFS\SECGG-LocalAdmins (Group)","Oct 13, 2016 15:19:31 UTC"
"10902","155.206.111.70","NOAA4400-NMFS-SEC CyberScope","Plugin Output: 
The following users are members of the 'Administrators' group :

  - SECGD-HolmesT\GalAdmin (User)
  - SECGD-HolmesT\localadmin (User)
  - NMFS\Domain Admins (Group)
  - NMFS\SECGG-OUAdmins (Group)
  - NMFS\SECGG-LocalAdmins (Group)","Oct 13, 2016 15:19:31 UTC"
"10902","155.206.111.73","NOAA4400-NMFS-SEC CyberScope","Plugin Output: 
The following users are members of the 'Administrators' group :

  - SECGD-MACONC\GalAdmin (User)
  - SECGD-MACONC\localadmin (User)
  - NMFS\Domain Admins (Group)
  - NMFS\SECGG-OUAdmins (Group)
  - NMFS\SECGG-LocalAdmins (Group)","Oct 13, 2016 15:19:31 UTC"
"10902","155.206.111.74","NOAA4400-NMFS-SEC CyberScope","Plugin Output: 
The following users are members of the 'Administrators' group :

  - SECGD-ThompsoC2\GalAdmin (User)
  - SECGD-ThompsoC2\localadmin (User)
  - NMFS\Domain Admins (Group)
  - NMFS\SECGG-LocalAdmins (Group)
  - NMFS\SECGG-OUAdmins (Group)","Oct 13, 2016 15:19:31 UTC"
"10902","155.206.111.81","NOAA4400-NMFS-SEC CyberScope","Plugin Output: 
The following users are members of the 'Administrators' group :

  - SECGD-SMITHR\GalAdmin (User)
  - NMFS\SECGG-OUAdmins (Group)
  - SECGD-SMITHR\localadmin (User)
  - S-1-5-21-3046611522-1187192407-2080845685-1114\ (Unknown)
  - NMFS\SECGG-OUAdmins (Group)
  - NMFS\000012B1 (Unknown)
  - NMFS\Domain Admins (Group)
  - NMFS\SECGG-LocalAdmins (Group)","Oct 13, 2016 15:19:31 UTC"
"10902","155.206.111.101","NOAA4400-NMFS-SEC CyberScope","Plugin Output: 
The following users are members of the 'Administrators' group :

  - SECGD-CRYERP\GalAdmin (User)
  - SECGD-CRYERP\localadmin (User)
  - NMFS\SECGG-OUAdmins (Group)
  - S-1-5-21-3046611522-1187192407-2080845685-1114\ (Unknown)
  - NMFS\SECGG-OUAdmins (Group)
  - NMFS\000012B1 (Unknown)
  - NMFS\Domain Admins (Group)
  - NMFS\SECGG-LocalAdmins (Group)","Oct 13, 2016 15:19:31 UTC"
"10902","155.206.111.104","NOAA4400-NMFS-SEC CyberScope","Plugin Output: 
The following users are members of the 'Administrators' group :

  - SECGD-DUFFYM\GalAdmin (User)
  - NMFS\SECGG-OUAdmins (Group)
  - SECGD-DUFFYM\localadmin (User)
  - NMFS\SECGG-OUAdmins (Group)
  - NMFS\Domain Admins (Group)
  - NMFS\SECGG-LocalAdmins (Group)","Oct 13, 2016 15:19:31 UTC"
"10902","155.206.111.105","NOAA4400-NMFS-SEC CyberScope","Plugin Output: 
The following users are members of the 'Administrators' group :

  - SECGD-WhatleyA\GalAdmin (User)
  - SECGD-WhatleyA\localadmin (User)
  - NMFS\Domain Admins (Group)
  - NMFS\SECGG-OUAdmins (Group)
  - NMFS\SECGG-LocalAdmins (Group)","Oct 13, 2016 15:19:31 UTC"
"10902","155.206.125.22","NOAA4400-NMFS-SEC CyberScope","Plugin Output: 
The following users are members of the 'Administrators' group :

  - NMFS\Domain Admins (Group)
  - NMFS\Enterprise Admins (Group)
  - NMFS\WRoot (User)","Oct 14, 2016 02:55:04 UTC"
"10902","155.206.125.46","NOAA4400-NMFS-SEC CyberScope","Plugin Output: 
The following users are members of the 'Administrators' group :

  - PCL-STORAGE\Administrator (User)
  - NMFS\Domain Admins (Group)
  - PCL-STORAGE\SECPCADMIN (User)
  - NMFS\HQNessusScan (User)
  - NMFS\SEC OU Owners (Group)
  - NMFS\helper (User)
  - PCL-STORAGE\SECPC.HELPER (User)
  - NMFS\barry (User)","Oct 14, 2016 02:55:04 UTC"
"10902","155.206.125.47","NOAA4400-NMFS-SEC CyberScope","Plugin Output: 
The following users are members of the 'Administrators' group :

  - PCL-DC\Renamed_Admin (User)
  - NMFS\helper (User)
  - PCL-DC\helper (User)
  - NMFS\Domain Admins (Group)
  - NMFS\SECPCADMIN (User)
  - PCL-DC\SECPCADMIN (User)
  - NMFS\HQNessusScan (User)
  - NMFS\barry (User)
  - NMFS\SEC OU Owners (Group)
  - NMFS\jholzman (User)
  - NMFS\SECpan-Arcsight (User)
  - NMFS\1-5-21-1625102663-4013227018-1311561448-21769 (Unknown)","Oct 14, 2016 02:55:04 UTC"
"10902","155.206.125.49","NOAA4400-NMFS-SEC CyberScope","Plugin Output: 
The following users are members of the 'Administrators' group :

  - PCL-DC2\Administrator (User)
  - PCL-DC2\SECPCADMIN (User)
  - NMFS\Domain Admins (Group)
  - NMFS\helper (User)
  - PCL-DC2\helper (User)
  - NMFS\HQNessusScan (User)
  - NMFS\SEC OU Owners (Group)
  - NMFS\SECpan-Arcsight (User)","Oct 14, 2016 02:55:04 UTC"
"10902","155.206.125.50","NOAA4400-NMFS-SEC CyberScope","Plugin Output: 
The following users are members of the 'Administrators' group :

  - PCL-BACKUP\Administrator (User)
  - PCL-BACKUP\MediaStreamingAdmin (User)
  - NMFS\Domain Admins (Group)
  - NMFS\barry (User)
  - PCL-BACKUP\helper (User)
  - NMFS\HQNessusScan (User)
  - NMFS\SEC OU Owners (Group)","Oct 14, 2016 02:55:04 UTC"
"10902","155.206.125.58","NOAA4400-NMFS-SEC CyberScope","Plugin Output: 
The following users are members of the 'Administrators' group :

  - HARRELL-W7-DT2\Administrator (User)
  - HARRELL-W7-DT2\HELPER (User)
  - NMFS\SECPCADMIN (User)
  - NMFS\barry (User)
  - NMFS\helper (User)
  - NMFS\HQNessusScan (User)
  - NMFS\SEC OU Owners (Group)
  - NMFS\Domain Admins (Group)","Oct 14, 2016 02:55:04 UTC"
"10902","155.206.125.103","NOAA4400-NMFS-SEC CyberScope","Plugin Output: 
The following users are members of the 'Administrators' group :

  - JHAMM-W7-LT\Renamed_Admin (User)
  - JHAMM-W7-LT\SECPC.HELPER (User)
  - NMFS\Domain Admins (Group)
  - NMFS\HQNessusScan (User)
  - NMFS\SEC Panama City OU Owners (Group)
  - NMFS\SEC OU Owners (Group)
  - NMFS\helper (User)","Oct 8, 2016 02:58:34 UTC"
"10902","155.206.125.104","NOAA4400-NMFS-SEC CyberScope","Plugin Output: 
The following users are members of the 'Administrators' group :

  - JBRUSHER-W7-DT\Renamed_Admin (User)
  - NMFS\helper (User)
  - NMFS\barry (User)
  - NMFS\Domain Admins (Group)
  - NMFS\SEC Panama City OU Owners (Group)
  - NMFS\HQNessusScan (User)
  - NMFS\SEC OU Owners (Group)
  - JBRUSHER-W7-DT\SECPC.HELPER (User)","Oct 14, 2016 02:55:04 UTC"
"10902","155.206.125.105","NOAA4400-NMFS-SEC CyberScope","Plugin Output: 
The following users are members of the 'Administrators' group :

  - CWILLIAMS-W7-DT\Renamed_Admin (User)
  - CWILLIAMS-W7-DT\SECPC.HELPER (User)
  - NMFS\Domain Admins (Group)
  - NMFS\SEC Panama City OU Owners (Group)
  - NMFS\HQNessusScan (User)
  - NMFS\SEC OU Owners (Group)","Oct 14, 2016 02:55:04 UTC"
"10902","155.206.125.106","NOAA4400-NMFS-SEC CyberScope","Plugin Output: 
The following users are members of the 'Administrators' group :

  - CPALMER-W7-LT\Renamed_Admin (User)
  - CPALMER-W7-LT\SECPC.HELPER (User)
  - NMFS\Domain Admins (Group)
  - NMFS\HQNessusScan (User)
  - NMFS\SEC Panama City OU Owners (Group)
  - NMFS\SEC OU Owners (Group)","Oct 13, 2016 02:44:33 UTC"
"10902","155.206.125.108","NOAA4400-NMFS-SEC CyberScope","Plugin Output: 
The following users are members of the 'Administrators' group :

  - VBEECH-W7-LT2\Renamed_Admin (User)
  - VBEECH-W7-LT2\SECPC.HELPER (User)
  - NMFS\helper (User)
  - NMFS\SECPCADMIN (User)
  - NMFS\HQNessusScan (User)
  - NMFS\SEC Panama City OU Owners (Group)
  - NMFS\SEC OU Owners (Group)
  - NMFS\Domain Admins (Group)","Oct 14, 2016 02:55:04 UTC"
"10902","155.206.125.109","NOAA4400-NMFS-SEC CyberScope","Plugin Output: 
The following users are members of the 'Administrators' group :

  - KOVERLY-W7-DT\Renamed_Admin (User)
  - KOVERLY-W7-DT\SECPC.HELPER (User)
  - NMFS\Domain Admins (Group)
  - NMFS\HQNessusScan (User)
  - NMFS\SEC OU Owners (Group)
  - NMFS\SEC Panama City OU Owners (Group)","Oct 8, 2016 02:58:34 UTC"
"10902","155.206.125.110","NOAA4400-NMFS-SEC CyberScope","Plugin Output: 
The following users are members of the 'Administrators' group :

  - BKLINE-W7-DT\Renamed_Admin (User)
  - BKLINE-W7-DT\SECPC.HELPER (User)
  - NMFS\Domain Admins (Group)
  - NMFS\HQNessusScan (User)
  - NMFS\SEC OU Owners (Group)
  - NMFS\SEC Panama City OU Owners (Group)","Oct 1, 2016 03:01:42 UTC"
"10902","155.206.125.115","NOAA4400-NMFS-SEC CyberScope","Plugin Output: 
The following users are members of the 'Administrators' group :

  - AMATHERS-W7-DT\Renamed_Admin (User)
  - AMATHERS-W7-DT\SECPC.HELPER (User)
  - NMFS\SECPCADMIN (User)
  - NMFS\helper (User)
  - NMFS\Domain Admins (Group)
  - NMFS\HQNessusScan (User)
  - NMFS\SEC Panama City OU Owners (Group)
  - NMFS\SEC OU Owners (Group)","Oct 14, 2016 02:55:04 UTC"
"10902","155.206.125.116","NOAA4400-NMFS-SEC CyberScope","Plugin Output: 
The following users are members of the 'Administrators' group :

  - MDUNCAN-W7-DT\Renamed_Admin (User)
  - MDUNCAN-W7-DT\SECPC.HELPER (User)
  - NMFS\Domain Admins (Group)
  - NMFS\SECPCADMIN (User)
  - NMFS\helper (User)
  - NMFS\HQNessusScan (User)
  - NMFS\SEC Panama City OU Owners (Group)
  - NMFS\SEC OU Owners (Group)","Oct 14, 2016 02:55:04 UTC"
"10902","155.206.125.118","NOAA4400-NMFS-SEC CyberScope","Plugin Output: 
The following users are members of the 'Administrators' group :

  - GFITZHUGH-W7-DT\Renamed_Admin (User)
  - GFITZHUGH-W7-DT\SECPC.HELPER (User)
  - NMFS\Domain Admins (Group)
  - NMFS\SECPCADMIN (User)
  - NMFS\HQNessusScan (User)
  - NMFS\SEC Panama City OU Owners (Group)
  - NMFS\SEC OU Owners (Group)","Oct 14, 2016 02:55:04 UTC"
"10902","155.206.125.119","NOAA4400-NMFS-SEC CyberScope","Plugin Output: 
The following users are members of the 'Administrators' group :

  - HLYON-W7-DT\Renamed_Admin (User)
  - HLYON-W7-DT\SECPC.HELPER (User)
  - NMFS\helper (User)
  - NMFS\Domain Admins (Group)
  - NMFS\HQNessusScan (User)
  - NMFS\SEC Panama City OU Owners (Group)
  - NMFS\SEC OU Owners (Group)","Oct 14, 2016 02:55:04 UTC"
"10902","155.206.125.120","NOAA4400-NMFS-SEC CyberScope","Plugin Output: 
The following users are members of the 'Administrators' group :

  - LTHORNTON-W7-DT\Renamed_Admin (User)
  - LTHORNTON-W7-DT\SECPC.HELPER (User)
  - NMFS\SECPCADMIN (User)
  - NMFS\helper (User)
  - NMFS\Domain Admins (Group)
  - NMFS\HQNessusScan (User)
  - NMFS\SEC Panama City OU Owners (Group)
  - NMFS\SEC OU Owners (Group)","Oct 14, 2016 02:55:04 UTC"
"10902","155.206.125.124","NOAA4400-NMFS-SEC CyberScope","Plugin Output: 
The following users are members of the 'Administrators' group :

  - APACICO-W7-LT2\Renamed_Admin (User)
  - APACICO-W7-LT2\SECPC.HELPER (User)
  - NMFS\Domain Admins (Group)
  - NMFS\HQNessusScan (User)
  - NMFS\SEC Panama City OU Owners (Group)
  - NMFS\SEC OU Owners (Group)","Oct 14, 2016 02:55:04 UTC"
"10902","155.206.125.125","NOAA4400-NMFS-SEC CyberScope","Plugin Output: 
The following users are members of the 'Administrators' group :

  - MENZENER-W7-DT\Renamed_Admin (User)
  - MENZENER-W7-DT\SECPC.HELPER (User)
  - NMFS\HQNessusScan (User)
  - NMFS\SEC Panama City OU Owners (Group)
  - NMFS\SEC OU Owners (Group)","Oct 14, 2016 02:55:04 UTC"
"10902","155.206.125.126","NOAA4400-NMFS-SEC CyberScope","Plugin Output: 
The following users are members of the 'Administrators' group :

  - LOANER-W7-LT11\Renamed_Admin (User)
  - LOANER-W7-LT11\SECPC.HELPER (User)
  - NMFS\HQNessusScan (User)
  - NMFS\SEC OU Owners (Group)
  - NMFS\SEC Panama City OU Owners (Group)
  - NMFS\Domain Admins (Group)
  - NMFS\1-5-21-1625102663-4013227018-1311561448-21769 (Unknown)
  - NMFS\barry (User)","Oct 14, 2016 02:55:04 UTC"
"10902","155.206.125.130","NOAA4400-NMFS-SEC CyberScope","Plugin Output: 
The following users are members of the 'Administrators' group :

  - BBLAKE-W7-LT\Renamed_Admin (User)
  - BBLAKE-W7-LT\SECPC.HELPER (User)
  - NMFS\Domain Admins (Group)
  - NMFS\HQNessusScan (User)
  - NMFS\SEC Panama City OU Owners (Group)
  - NMFS\SEC OU Owners (Group)","Oct 14, 2016 02:55:04 UTC"
"10902","155.206.125.133","NOAA4400-NMFS-SEC CyberScope","Plugin Output: 
The following users are members of the 'Administrators' group :

  - LLOMBARDI-W7-LT\Renamed_Admin (User)
  - NMFS\Domain Admins (Group)
  - LLOMBARDI-W7-LT\SECPC.HELPER (User)
  - NMFS\linda.lombardi (User)
  - NMFS\HQNessusScan (User)
  - NMFS\SEC Panama City OU Owners (Group)
  - NMFS\SEC OU Owners (Group)","Oct 14, 2016 02:55:04 UTC"
"10902","155.206.125.134","NOAA4400-NMFS-SEC CyberScope","Plugin Output: 
The following users are members of the 'Administrators' group :

  - ADAVID-W7-DT\Renamed_Admin (User)
  - ADAVID-W7-DT\SECPC.HELPER (User)
  - NMFS\helper (User)
  - NMFS\Domain Admins (Group)
  - NMFS\SEC Panama City OU Owners (Group)
  - NMFS\HQNessusScan (User)
  - NMFS\SEC OU Owners (Group)","Oct 14, 2016 02:55:04 UTC"
"10902","155.206.125.135","NOAA4400-NMFS-SEC CyberScope","Plugin Output: 
The following users are members of the 'Administrators' group :

  - PCOLSON-W7-DT\Renamed_Admin (User)
  - PCOLSON-W7-DT\SECPC.HELPER (User)
  - NMFS\Domain Admins (Group)
  - NMFS\SEC Panama City OU Owners (Group)
  - NMFS\pam.colson (User)
  - NMFS\HQNessusScan (User)
  - NMFS\SEC OU Owners (Group)","Oct 14, 2016 02:55:04 UTC"
"10902","155.206.125.136","NOAA4400-NMFS-SEC CyberScope","Plugin Output: 
The following users are members of the 'Administrators' group :

  - JWEEKS-W7-LT\Renamed_Admin (User)
  - JWEEKS-W7-LT\SECPC.HELPER (User)
  - NMFS\HQNessusScan (User)
  - NMFS\SEC OU Owners (Group)
  - NMFS\SEC Panama City OU Owners (Group)
  - NMFS\Domain Admins (Group)","Oct 14, 2016 02:55:04 UTC"
"10902","155.206.125.137","NOAA4400-NMFS-SEC CyberScope","Plugin Output: 
The following users are members of the 'Administrators' group :

  - BWALLING-W7-DT\Renamed_Admin (User)
  - BWALLING-W7-DT\SECPC.HELPER (User)
  - NMFS\Domain Admins (Group)
  - NMFS\SEC Panama City OU Owners (Group)
  - NMFS\HQNessusScan (User)
  - NMFS\SEC OU Owners (Group)","Oct 14, 2016 02:55:04 UTC"
"10902","155.206.125.138","NOAA4400-NMFS-SEC CyberScope","Plugin Output: 
The following users are members of the 'Administrators' group :

  - BARCODE-W7-DT\Renamed_Admin (User)
  - BARCODE-W7-DT\SECPC.HELPER (User)
  - NMFS\SECPCADMIN (User)
  - NMFS\helper (User)
  - NMFS\HQNessusScan (User)
  - NMFS\SEC Panama City OU Owners (Group)
  - NMFS\SEC OU Owners (Group)
  - NMFS\Domain Admins (Group)
  - BARCODE-W7-DT\$BarTender_Security$ (User)","Oct 14, 2016 02:55:04 UTC"
"10902","155.206.125.139","NOAA4400-NMFS-SEC CyberScope","Plugin Output: 
The following users are members of the 'Administrators' group :

  - XZHANG-W7-DT\Renamed_Admin (User)
  - XZHANG-W7-DT\SECPC.HELPER (User)
  - NMFS\SECPCADMIN (User)
  - NMFS\helper (User)
  - NMFS\Domain Admins (Group)
  - NMFS\HQNessusScan (User)
  - NMFS\SEC Panama City OU Owners (Group)
  - NMFS\SEC OU Owners (Group)","Oct 14, 2016 02:55:04 UTC"
"10902","155.206.125.140","NOAA4400-NMFS-SEC CyberScope","Plugin Output: 
The following users are members of the 'Administrators' group :

  - SHARTER-W7-DT\Renamed_Admin (User)
  - SHARTER-W7-DT\SECPC.HELPER (User)
  - NMFS\SEC Panama City OU Owners (Group)
  - NMFS\Domain Admins (Group)
  - NMFS\HQNessusScan (User)
  - NMFS\SEC OU Owners (Group)","Oct 14, 2016 02:55:04 UTC"
"10902","155.206.125.142","NOAA4400-NMFS-SEC CyberScope","Plugin Output: 
The following users are members of the 'Administrators' group :

  - ECORTES-W7-DT\Renamed_Admin (User)
  - ECORTES-W7-DT\SECPC.HELPER (User)
  - NMFS\Domain Admins (Group)
  - NMFS\HQNessusScan (User)
  - NMFS\SEC OU Owners (Group)
  - NMFS\SEC Panama City OU Owners (Group)","Oct 14, 2016 02:55:04 UTC"
"10902","155.206.125.144","NOAA4400-NMFS-SEC CyberScope","Plugin Output: 
The following users are members of the 'Administrators' group :

  - GISSHARK-W7-DT\Renamed_Admin (User)
  - NMFS\helper (User)
  - NMFS\barry (User)
  - NMFS\SEC Panama City OU Owners (Group)
  - GISSHARK-W7-DT\SECPC.HELPER (User)
  - NMFS\HQNessusScan (User)
  - NMFS\SEC OU Owners (Group)
  - NMFS\Domain Admins (Group)","Oct 14, 2016 02:55:04 UTC"
"10902","155.206.125.146","NOAA4400-NMFS-SEC CyberScope","Plugin Output: 
The following users are members of the 'Administrators' group :

  - RFISHINT-W7-DT\Renamed_Admin (User)
  - RFISHINT-W7-DT\SECPC.HELPER (User)
  - NMFS\SECPCADMIN (User)
  - NMFS\helper (User)
  - NMFS\Domain Admins (Group)
  - NMFS\HQNessusScan (User)
  - NMFS\SEC Panama City OU Owners (Group)
  - NMFS\SEC OU Owners (Group)","Oct 14, 2016 02:55:04 UTC"
"10902","155.206.125.148","NOAA4400-NMFS-SEC CyberScope","Plugin Output: 
The following users are members of the 'Administrators' group :

  - RALLMAN-W7-DT2\Renamed_Admin (User)
  - RALLMAN-W7-DT2\SECPC.HELPER (User)
  - NMFS\Domain Admins (Group)
  - NMFS\HQNessusScan (User)
  - NMFS\SEC Panama City OU Owners (Group)
  - NMFS\SEC OU Owners (Group)","Oct 14, 2016 02:55:04 UTC"
"10902","155.206.125.153","NOAA4400-NMFS-SEC CyberScope","Plugin Output: 
The following users are members of the 'Administrators' group :

  - SCANNERPC-W7-DT\Renamed_Admin (User)
  - SCANNERPC-W7-DT\SECPC.HELPER (User)
  - NMFS\Domain Admins (Group)
  - NMFS\HQNessusScan (User)
  - NMFS\SEC Panama City OU Owners (Group)
  - NMFS\SEC OU Owners (Group)
  - NMFS\helper (User)","Oct 14, 2016 02:55:04 UTC"
"10902","155.206.127.2","NOAA4400-NMFS-SEC CyberScope","Plugin Output: 
The following users are members of the 'Administrators' group :

  - NMFS\Domain Admins (Group)
  - NMFS\Enterprise Admins (Group)
  - NMFS\WRoot (User)","Oct 14, 2016 04:42:31 UTC"
"10902","155.206.127.7","NOAA4400-NMFS-SEC CyberScope","Plugin Output: 
The following users are members of the 'Administrators' group :

  - ITFILESERVER1\secpas-adm (User)
  - S-1-5-21-1067613869-1002201411-2211101736-500\ (Unknown)
  - S-1-5-21-1067613869-1002201411-2211101736-1321\ (Unknown)
  - S-1-5-21-1067613869-1002201411-2211101736-1320\ (Unknown)
  - NMFS\oraadmin (User)
  - ITFILESERVER1\sqlserveradmin (User)
  - NMFS\SECPAG-GS-OUAdmins (Group)
  - NMFS\oraadmin (User)
  - NMFS\SECPAG-GS-OUAdmins (Group)
  - NMFS\Domain Admins (Group)
  - NMFS\SEC Pascagoula OU Owners (Group)
  - NMFS\0000663F (Unknown)
  - NMFS\00006755 (Unknown)
  - NMFS\danette.admin (User)","Oct 14, 2016 04:42:31 UTC"
"10902","155.206.127.8","NOAA4400-NMFS-SEC CyberScope","Plugin Output: 
The following users are members of the 'Administrators' group :

  - SECPAS1466913\secpas-adm (User)
  - NMFS\Domain Admins (Group)
  - NMFS\SEC Pascagoula OU Owners (Group)
  - NMFS\1-5-21-1625102663-4013227018-1311561448-53694 (Unknown)","Oct 14, 2016 04:42:31 UTC"
"10902","155.206.127.11","NOAA4400-NMFS-SEC CyberScope","Plugin Output: 
The following users are members of the 'Administrators' group :

  - SECPAS-BACK-11\secpas-adm (User)
  - NMFS\Domain Admins (Group)
  - NMFS\SEC Pascagoula OU Owners (Group)
  - NMFS\1-5-21-1625102663-4013227018-1311561448-26118 (Unknown)
  - SECPAS-BACK-11\Symantec (User)
  - NMFS\Administrator (User)
  - SECPAS-BACK-11\backupadm (User)
  - SECPAS-BACK-11\Administrator (User)","Oct 14, 2016 04:42:31 UTC"
"10902","155.206.127.13","NOAA4400-NMFS-SEC CyberScope","Plugin Output: 
The following users are members of the 'Administrators' group :

  - SECPAS-BACK-13\secpas-adm (User)
  - NMFS\SEC Pascagoula OU Owners (Group)
  - SECPAS-BACK-13\mouss (User)
  - NMFS\Domain Admins (Group)","Oct 14, 2016 04:42:31 UTC"
"10902","155.206.127.15","NOAA4400-NMFS-SEC CyberScope","Plugin Output: 
The following users are members of the 'Administrators' group :

  - SECPAS-TOOLS-15\secpas-adm (User)
  - NMFS\SEC Pascagoula OU Owners (Group)
  - NMFS\Domain Admins (Group)
  - SECPAS-TOOLS-15\miaadmin (User)","Oct 14, 2016 04:42:31 UTC"
"10902","155.206.127.22","NOAA4400-NMFS-SEC CyberScope","Plugin Output: 
The following users are members of the 'Administrators' group :

  - SECPAS1739654\Pasca.admin (User)
  - NMFS\Domain Admins (Group)
  - NMFS\HQNessusScan (User)
  - NMFS\SEC OU Owners (Group)
  - NMFS\SEC Pascagoula OU Owners (Group)
  - SECPAS1739654\secpas-adm (User)","Oct 14, 2016 04:42:31 UTC"
"10902","155.206.127.27","NOAA4400-NMFS-SEC CyberScope","Plugin Output: 
The following users are members of the 'Administrators' group :

  - SECPAS1466916\secpas-adm (User)
  - NMFS\Domain Admins (Group)
  - NMFS\SEC Pascagoula OU Owners (Group)","Oct 14, 2016 04:42:31 UTC"
"10902","155.206.127.48","NOAA4400-NMFS-SEC CyberScope","Plugin Output: 
The following users are members of the 'Administrators' group :

  - SECPAL4048512\pasadmin-ws (User)
  - NMFS\Domain Admins (Group)
  - NMFS\HQNessusScan (User)
  - NMFS\SEC OU Owners (Group)
  - NMFS\SEC Pascagoula OU Owners (Group)","Oct 14, 2016 04:42:31 UTC"
"10902","155.206.127.61","NOAA4400-NMFS-SEC CyberScope","Plugin Output: 
The following users are members of the 'Administrators' group :

  - SECPAL-10-KF061\pasadmin-ws (User)
  - SECPAL-10-KF061\mslabsadm (User)
  - NMFS\Domain Admins (Group)
  - NMFS\1-5-21-1625102663-4013227018-1311561448-26118 (Unknown)
  - NMFS\SEC Pascagoula OU Owners (Group)
  - NMFS\HQNessusScan (User)
  - NMFS\SEC OU Owners (Group)","Oct 14, 2016 04:42:31 UTC"
"10902","155.206.127.78","NOAA4400-NMFS-SEC CyberScope","Plugin Output: 
The following users are members of the 'Administrators' group :

  - SECPAL-12-MG078\pasadmin-ws (User)
  - SECPAL-12-MG078\mslabsadm (User)
  - NMFS\Domain Admins (Group)
  - NMFS\1-5-21-1625102663-4013227018-1311561448-26118 (Unknown)
  - NMFS\SEC Pascagoula OU Owners (Group)
  - NMFS\HQNessusScan (User)
  - NMFS\SEC OU Owners (Group)","Oct 14, 2016 04:42:31 UTC"
"10902","155.206.127.81","NOAA4400-NMFS-SEC CyberScope","Plugin Output: 
The following users are members of the 'Administrators' group :

  - hoffmayerE\pasadmin-ws (User)
  - hoffmayerE\mslabsadm (User)
  - S-1-5-21-1067613869-1002201411-2211101736-500\ (Unknown)
  - S-1-5-21-1067613869-1002201411-2211101736-1320\ (Unknown)
  - S-1-5-21-1067613869-1002201411-2211101736-1321\ (Unknown)
  - NMFS\Domain Admins (Group)
  - NMFS\SEC Pascagoula OU Owners (Group)
  - NMFS\00006606 (Unknown)
  - NMFS\HQNessusScan (User)
  - NMFS\SEC OU Owners (Group)","Oct 13, 2016 08:11:26 UTC"
"10902","155.206.127.87","NOAA4400-NMFS-SEC CyberScope","Plugin Output: 
The following users are members of the 'Administrators' group :

  - SECPAL-12-AM087\pasadmin-ws (User)
  - SECPAL-12-AM087\mslabsadm (User)
  - NMFS\Domain Admins (Group)
  - NMFS\1-5-21-1625102663-4013227018-1311561448-26118 (Unknown)
  - NMFS\SEC Pascagoula OU Owners (Group)
  - NMFS\HQNessusScan (User)
  - NMFS\SEC OU Owners (Group)","Oct 14, 2016 04:42:31 UTC"
"10902","155.206.127.90","NOAA4400-NMFS-SEC CyberScope","Plugin Output: 
The following users are members of the 'Administrators' group :

  - SECPAL-12-MC090\pasadmin-ws (User)
  - SECPAL-12-MC090\mslabsadm (User)
  - NMFS\Domain Admins (Group)
  - NMFS\1-5-21-1625102663-4013227018-1311561448-26118 (Unknown)
  - NMFS\SEC Pascagoula OU Owners (Group)
  - NMFS\HQNessusScan (User)
  - NMFS\SEC OU Owners (Group)","Oct 14, 2016 04:42:31 UTC"
"10902","155.206.127.92","NOAA4400-NMFS-SEC CyberScope","Plugin Output: 
The following users are members of the 'Administrators' group :

  - SECPAL-12-LF092\pasadmin-ws (User)
  - SECPAL-12-LF092\mslabsadm (User)
  - NMFS\SEC Pascagoula OU Owners (Group)
  - NMFS\Domain Admins (Group)
  - NMFS\1-5-21-1625102663-4013227018-1311561448-26118 (Unknown)
  - NMFS\HQNessusScan (User)
  - NMFS\SEC OU Owners (Group)","Oct 14, 2016 04:42:31 UTC"
"10902","155.206.127.95","NOAA4400-NMFS-SEC CyberScope","Plugin Output: 
The following users are members of the 'Administrators' group :

  - SECPAL-10-DH095\pasadmin-ws (User)
  - SECPAL-10-DH095\mslabsadm (User)
  - NMFS\Domain Admins (Group)
  - NMFS\1-5-21-1625102663-4013227018-1311561448-26118 (Unknown)
  - NMFS\SEC Pascagoula OU Owners (Group)
  - NMFS\HQNessusScan (User)
  - NMFS\SEC OU Owners (Group)","Oct 14, 2016 04:42:31 UTC"
"10902","155.206.127.119","NOAA4400-NMFS-SEC CyberScope","Plugin Output: 
The following users are members of the 'Administrators' group :

  - SECPAL-11-ER119\pasadmin-ws (User)
  - SECPAL-11-ER119\mslabsadm (User)
  - NMFS\Domain Admins (Group)
  - NMFS\1-5-21-1625102663-4013227018-1311561448-26118 (Unknown)
  - NMFS\SEC Pascagoula OU Owners (Group)
  - NMFS\HQNessusScan (User)
  - NMFS\SEC OU Owners (Group)","Oct 14, 2016 04:42:31 UTC"
"10902","155.206.127.129","NOAA4400-NMFS-SEC CyberScope","Plugin Output: 
The following users are members of the 'Administrators' group :

  - SECPAL1693098\pasadmin-ws (User)
  - NMFS\Domain Admins (Group)
  - NMFS\HQNessusScan (User)
  - NMFS\SEC OU Owners (Group)
  - NMFS\SEC Pascagoula OU Owners (Group)","Oct 14, 2016 04:42:31 UTC"
"10902","155.206.127.130","NOAA4400-NMFS-SEC CyberScope","Plugin Output: 
The following users are members of the 'Administrators' group :

  - SECPAL1693100\pasadmin-ws (User)
  - NMFS\Domain Admins (Group)
  - NMFS\HQNessusScan (User)
  - NMFS\SEC OU Owners (Group)
  - NMFS\SEC Pascagoula OU Owners (Group)","Oct 14, 2016 04:42:31 UTC"
"10902","155.206.127.138","NOAA4400-NMFS-SEC CyberScope","Plugin Output: 
The following users are members of the 'Administrators' group :

  - SECPAL-12-NH138\pasadmin-ws (User)
  - SECPAL-12-NH138\mslabsadm (User)
  - NMFS\Domain Admins (Group)
  - NMFS\1-5-21-1625102663-4013227018-1311561448-26118 (Unknown)
  - NMFS\SEC Pascagoula OU Owners (Group)
  - NMFS\HQNessusScan (User)
  - NMFS\SEC OU Owners (Group)","Oct 14, 2016 04:42:31 UTC"
"10902","155.206.127.139","NOAA4400-NMFS-SEC CyberScope","Plugin Output: 
The following users are members of the 'Administrators' group :

  - NSILDT1535352\pasadmin-ws (User)
  - NMFS\Domain Admins (Group)
  - NMFS\HQNessusScan (User)
  - NMFS\jhouston.admin (User)","Oct 14, 2016 04:42:31 UTC"
"10902","155.206.127.147","NOAA4400-NMFS-SEC CyberScope","Plugin Output: 
The following users are members of the 'Administrators' group :

  - SECPAL-12-MH077\pasadmin-ws (User)
  - SECPAL-12-MH077\mslabsadm (User)
  - NMFS\Domain Admins (Group)
  - NMFS\1-5-21-1625102663-4013227018-1311561448-26118 (Unknown)
  - NMFS\SEC Pascagoula OU Owners (Group)
  - NMFS\HQNessusScan (User)
  - NMFS\SEC OU Owners (Group)","Oct 14, 2016 04:42:31 UTC"
"10902","155.206.127.160","NOAA4400-NMFS-SEC CyberScope","Plugin Output: 
The following users are members of the 'Administrators' group :

  - SECPAL4290623\pasadmin-ws (User)
  - NMFS\Domain Admins (Group)
  - NMFS\HQNessusScan (User)
  - NMFS\SEC OU Owners (Group)
  - NMFS\SEC Pascagoula OU Owners (Group)","Oct 14, 2016 04:42:31 UTC"
"10902","155.206.127.166","NOAA4400-NMFS-SEC CyberScope","Plugin Output: 
The following users are members of the 'Administrators' group :

  - SECPAD4048321\pasadmin-ws (User)
  - NMFS\Domain Admins (Group)
  - NMFS\HQNessusScan (User)
  - NMFS\SEC OU Owners (Group)
  - NMFS\SEC Pascagoula OU Owners (Group)","Oct 14, 2016 04:42:31 UTC"
"10902","155.206.127.180","NOAA4400-NMFS-SEC CyberScope","Plugin Output: 
The following users are members of the 'Administrators' group :

  - GAVINS\pasadmin-ws (User)
  - GAVINS\mslabsadm (User)
  - S-1-5-21-1067613869-1002201411-2211101736-500\ (Unknown)
  - S-1-5-21-1067613869-1002201411-2211101736-1320\ (Unknown)
  - S-1-5-21-1067613869-1002201411-2211101736-1321\ (Unknown)
  - NMFS\Domain Admins (Group)
  - NMFS\SEC Pascagoula OU Owners (Group)
  - NMFS\HQNessusScan (User)
  - NMFS\SEC OU Owners (Group)","Oct 14, 2016 04:42:31 UTC"
"10902","155.206.127.192","NOAA4400-NMFS-SEC CyberScope","Plugin Output: 
The following users are members of the 'Administrators' group :

  - SCHROEDERWS\pasadmin-ws (User)
  - SCHROEDERWS\Chuck.Schroeder (User)
  - SCHROEDERWS\mslabsadm (User)
  - NMFS\Domain Admins (Group)
  - NMFS\1-5-21-1625102663-4013227018-1311561448-26118 (Unknown)
  - NMFS\SEC Pascagoula OU Owners (Group)
  - NMFS\HQNessusScan (User)
  - NMFS\SEC OU Owners (Group)","Oct 14, 2016 04:42:31 UTC"
"10902","155.206.127.201","NOAA4400-NMFS-SEC CyberScope","Plugin Output: 
The following users are members of the 'Administrators' group :

  - SECPAL-12-CC201\pasadmin-ws (User)
  - SECPAL-12-CC201\mslabsadm (User)
  - NMFS\Domain Admins (Group)
  - NMFS\1-5-21-1625102663-4013227018-1311561448-26118 (Unknown)
  - NMFS\SEC Pascagoula OU Owners (Group)
  - NMFS\HQNessusScan (User)
  - NMFS\SEC OU Owners (Group)","Oct 14, 2016 04:42:31 UTC"
"10902","155.206.127.204","NOAA4400-NMFS-SEC CyberScope","Plugin Output: 
The following users are members of the 'Administrators' group :

  - SECPAL-11-KB204\pasadmin-ws (User)
  - SECPAL-11-KB204\mslabsadm (User)
  - NMFS\Domain Admins (Group)
  - NMFS\1-5-21-1625102663-4013227018-1311561448-26118 (Unknown)
  - NMFS\SEC Pascagoula OU Owners (Group)
  - NMFS\HQNessusScan (User)
  - NMFS\SEC OU Owners (Group)","Oct 14, 2016 04:42:31 UTC"
"10902","155.206.127.213","NOAA4400-NMFS-SEC CyberScope","Plugin Output: 
The following users are members of the 'Administrators' group :

  - secpad-13-ds213\pasadmin-ws (User)
  - secpad-13-ds213\mslabsadm (User)
  - NMFS\Domain Admins (Group)
  - NMFS\SEC Pascagoula OU Owners (Group)
  - NMFS\1-5-21-1625102663-4013227018-1311561448-26118 (Unknown)
  - NMFS\HQNessusScan (User)
  - NMFS\SEC OU Owners (Group)","Oct 14, 2016 04:42:31 UTC"
"10902","155.206.127.217","NOAA4400-NMFS-SEC CyberScope","Plugin Output: 
The following users are members of the 'Administrators' group :

  - SECPAL-15-BN217\pasadmin-ws (User)
  - SECPAL-15-BN217\mslabsadm (User)
  - NMFS\Domain Admins (Group)
  - NMFS\1-5-21-1625102663-4013227018-1311561448-26118 (Unknown)
  - NMFS\SEC Pascagoula OU Owners (Group)
  - NMFS\HQNessusScan (User)
  - NMFS\SEC OU Owners (Group)","Oct 14, 2016 04:42:31 UTC"
"10902","155.206.127.222","NOAA4400-NMFS-SEC CyberScope","Plugin Output: 
The following users are members of the 'Administrators' group :

  - SECPAL-12-DS222\pasadmin-ws (User)
  - SECPAL-12-DS222\mslabsadm (User)
  - NMFS\Domain Admins (Group)
  - NMFS\1-5-21-1625102663-4013227018-1311561448-26118 (Unknown)
  - NMFS\SEC Pascagoula OU Owners (Group)
  - NMFS\HQNessusScan (User)
  - NMFS\SEC OU Owners (Group)","Oct 14, 2016 04:42:31 UTC"
"10902","155.206.128.4","NOAA4400-NMFS-SEC CyberScope","Plugin Output: 
The following users are members of the 'Administrators' group :

  - BRIZO\Administrator (User)
  - NMFS\Domain Admins (Group)
  - NMFS\NSIL OU Owners (Group)
  - NMFS\david.sliman (User)
  - NMFS\HQNessusScan (User)
  - NMFS\jhouston.admin (User)","Oct 14, 2016 07:26:16 UTC"
"10902","155.206.128.5","NOAA4400-NMFS-SEC CyberScope","Plugin Output: 
The following users are members of the 'Administrators' group :

  - GALENE\Administrator (User)
  - NMFS\Domain Admins (Group)
  - NMFS\NSIL OU Owners (Group)
  - NMFS\david.sliman (User)
  - NMFS\HQNessusScan (User)
  - NMFS\jhouston.admin (User)","Oct 14, 2016 07:26:16 UTC"
"10902","155.206.128.8","NOAA4400-NMFS-SEC CyberScope","Plugin Output: 
The following users are members of the 'Administrators' group :

  - ZEUS\secpas-adm (User)
  - NMFS\Domain Admins (Group)
  - NMFS\HQNessusScan (User)
  - NMFS\pasca.admin (User)
  - NMFS\SEC Pascagoula OU Owners (Group)
  - NMFS\pasca.voicemail (User)","Oct 14, 2016 07:26:16 UTC"
"10902","155.206.128.14","NOAA4400-NMFS-SEC CyberScope","Plugin Output: 
The following users are members of the 'Administrators' group :

  - NSILDT1769690\pasadmin-ws (User)
  - NMFS\Domain Admins (Group)
  - NSILDT1769690\tempsecurity (User)
  - NMFS\stephen.bell (User)
  - NMFS\HQNessusScan (User)","Oct 14, 2016 04:42:31 UTC"
"10902","155.206.128.19","NOAA4400-NMFS-SEC CyberScope","Plugin Output: 
The following users are members of the 'Administrators' group :

  - NSILDT1535357\pasadmin-ws (User)
  - NMFS\Domain Admins (Group)
  - NMFS\HQNessusScan (User)","Oct 14, 2016 04:42:31 UTC"
"10902","155.206.128.20","NOAA4400-NMFS-SEC CyberScope","Plugin Output: 
The following users are members of the 'Administrators' group :

  - NSILDT1535390\pasadmin-ws (User)
  - NMFS\Domain Admins (Group)
  - NMFS\david.sliman (User)
  - NMFS\HQNessusScan (User)
  - NMFS\1-5-21-1625102663-4013227018-1311561448-26554 (Unknown)","Oct 14, 2016 04:42:31 UTC"
"10902","155.206.128.22","NOAA4400-NMFS-SEC CyberScope","Plugin Output: 
The following users are members of the 'Administrators' group :

  - NSILDT1769276\pasadmin-ws (User)
  - NSILDT1769276\NSILDT0001769276 (User)
  - NMFS\Domain Admins (Group)
  - NMFS\HQNessusScan (User)","Oct 14, 2016 04:42:31 UTC"
"10902","155.206.128.23","NOAA4400-NMFS-SEC CyberScope","Plugin Output: 
The following users are members of the 'Administrators' group :

  - NSILDT1772427\pasadmin-ws (User)
  - S-1-5-21-2865202066-975436447-4020590811-1113\ (Unknown)
  - NMFS\00006765 (Unknown)
  - NMFS\Domain Admins (Group)
  - NMFS\HQNessusScan (User)
  - NMFS\0000D170 (Unknown)","Oct 14, 2016 04:42:31 UTC"
"10902","155.206.128.24","NOAA4400-NMFS-SEC CyberScope","Plugin Output: 
The following users are members of the 'Administrators' group :

  - NSILDT1535286\pasadmin-ws (User)
  - NSILDT1535286\NSILDT0001535286 (User)
  - NMFS\Domain Admins (Group)
  - NMFS\david.sliman (User)
  - NMFS\1-5-21-1625102663-4013227018-1311561448-26570 (Unknown)
  - NMFS\HQNessusScan (User)","Oct 14, 2016 04:42:31 UTC"
"10902","155.206.128.25","NOAA4400-NMFS-SEC CyberScope","Plugin Output: 
The following users are members of the 'Administrators' group :

  - NSILDT1535350\pasadmin-ws (User)
  - NSILDT1535350\NSILDT0001535350 (User)
  - NMFS\Domain Admins (Group)
  - NMFS\david.sliman (User)
  - NMFS\HQNessusScan (User)","Oct 14, 2016 04:42:31 UTC"
"10902","155.206.128.31","NOAA4400-NMFS-SEC CyberScope","Plugin Output: 
The following users are members of the 'Administrators' group :

  - NSILDT1535352\pasadmin-ws (User)
  - NMFS\Domain Admins (Group)
  - NMFS\HQNessusScan (User)
  - NMFS\jhouston.admin (User)","Oct 14, 2016 04:42:31 UTC"
"10902","155.206.128.32","NOAA4400-NMFS-SEC CyberScope","Plugin Output: 
The following users are members of the 'Administrators' group :

  - NSILLT1535419\pasadmin-ws (User)
  - NSILLT1535419\setup (User)
  - NMFS\Domain Admins (Group)
  - NMFS\david.sliman (User)
  - NMFS\HQNessusScan (User)","Oct 14, 2016 04:42:31 UTC"
"10902","155.206.128.34","NOAA4400-NMFS-SEC CyberScope","Plugin Output: 
The following users are members of the 'Administrators' group :

  - NSILDT1535395\pasadmin-ws (User)
  - NSILDT1535395\Admin (User)
  - NSILDT1535395\LC (User)
  - NMFS\Domain Admins (Group)
  - NMFS\HQNessusScan (User)","Oct 14, 2016 04:42:31 UTC"
"10902","155.206.128.36","NOAA4400-NMFS-SEC CyberScope","Plugin Output: 
The following users are members of the 'Administrators' group :

  - NSILDT1535345\pasadmin-ws (User)
  - NMFS\Domain Admins (Group)
  - NMFS\HQNessusScan (User)","Oct 14, 2016 04:42:31 UTC"
"10902","155.206.128.37","NOAA4400-NMFS-SEC CyberScope","Plugin Output: 
The following users are members of the 'Administrators' group :

  - NSILDT1769698\pasadmin-ws (User)
  - NSILDT1769698\TempSecurity (User)
  - NMFS\Domain Admins (Group)
  - NMFS\tempsecurity (User)
  - NMFS\stephen.bell (User)
  - NMFS\david.sliman (User)
  - NMFS\1-5-21-1625102663-4013227018-1311561448-26570 (Unknown)
  - NMFS\HQNessusScan (User)
  - NMFS\shannara.lynn (User)
  - NMFS\kenneth.powell (User)","Oct 14, 2016 04:42:31 UTC"
"10902","155.206.128.56","NOAA4400-NMFS-SEC CyberScope","Plugin Output: 
The following users are members of the 'Administrators' group :

  - NSILLT1535459\pasadmin-ws (User)
  - NMFS\Domain Admins (Group)
  - NMFS\HQNessusScan (User)","Oct 14, 2016 04:42:31 UTC"
"10902","155.206.128.243","NOAA4400-NMFS-SEC CyberScope","Plugin Output: 
The following users are members of the 'Administrators' group :

  - EBCDHOST\Administrator (User)
  - EBCDHOST\thesupport (User)
  - NMFS\Domain Admins (Group)
  - NMFS\HQNessusScan (User)
  - NMFS\NSIL OU Owners (Group)","Oct 14, 2016 04:42:31 UTC"
"10902","155.206.128.244","NOAA4400-NMFS-SEC CyberScope","Plugin Output: 
The following users are members of the 'Administrators' group :

  - EBCDVPRO\Administrator (User)
  - NMFS\HQNessusScan (User)
  - NMFS\NSIL OU Owners (Group)
  - EBCDVPRO\thesupport (User)
  - NMFS\Domain Admins (Group)","Oct 14, 2016 04:42:31 UTC"
"10902","155.206.128.245","NOAA4400-NMFS-SEC CyberScope","Plugin Output: 
The following users are members of the 'Administrators' group :

  - EBCDVDEV\Administrator (User)
  - NMFS\HQNessusScan (User)
  - NMFS\NSIL OU Owners (Group)
  - EBCDVDEV\thesupport (User)
  - NMFS\Domain Admins (Group)","Oct 14, 2016 04:42:31 UTC"
"10902","199.242.231.24","NOAA4400-NMFS-SEC CyberScope","Plugin Output: 
The following users are members of the 'Administrators' group :

  - SECMS1635480\Administrator (User)
  - NMFS\SEC Miami OU Owners (Group)
  - NMFS\tdavis3 (User)
  - SECMS1635480\DSNVSUser (User)
  - NMFS\Domain Admins (Group)
  - NMFS\David.Senn (User)
  - NMFS\HQNessusScan (User)","Oct 14, 2016 05:36:35 UTC"
"10902","199.242.231.25","NOAA4400-NMFS-SEC CyberScope","Plugin Output: 
The following users are members of the 'Administrators' group :

  - SECMD1632768HSH\Renamed_Admin (User)
  - SECMD1632768HSH\User (User)
  - SECMD1632768HSH\FDCC-Admin (User)
  - SECMD1632768HSH\USER-Admin (User)
  - NMFS\Domain Admins (Group)
  - NMFS\SEC Miami OU Owners (Group)
  - NMFS\tdavis3 (User)
  - NMFS\HQNessusScan (User)","Oct 14, 2016 05:36:35 UTC"
"10902","199.242.231.27","NOAA4400-NMFS-SEC CyberScope","Plugin Output: 
The following users are members of the 'Administrators' group :

  - SECMD4186838JBR\Renamed_Admin (User)
  - SECMD4186838JBR\user (User)
  - NMFS\Domain Admins (Group)
  - NMFS\SEC Miami OU Owners (Group)
  - NMFS\tdavis3 (User)
  - SECMD4186838JBR\FDCC-Admin (User)
  - SECMD4186838JBR\USER-Admin (User)
  - NMFS\HQNessusScan (User)","Oct 14, 2016 05:36:35 UTC"
"10902","199.242.231.28","NOAA4400-NMFS-SEC CyberScope","Plugin Output: 
The following users are members of the 'Administrators' group :

  - SECMD4186884PGI\Renamed_Admin (User)
  - SECMD4186884PGI\user (User)
  - NMFS\Domain Admins (Group)
  - NMFS\SEC Miami OU Owners (Group)
  - NMFS\tdavis3 (User)
  - NMFS\HQNessusScan (User)","Oct 14, 2016 05:36:35 UTC"
"10902","199.242.231.41","NOAA4400-NMFS-SEC CyberScope","Plugin Output: 
The following users are members of the 'Administrators' group :

  - SECMD1533205JBR\Renamed_Admin (User)
  - SECMD1533205JBR\User (User)
  - SECMD1533205JBR\patrick (User)
  - NMFS\SEC Miami OU Owners (Group)
  - SECMD1533205JBR\FDCC-Admin (User)
  - SECMD1533205JBR\USER-Admin (User)
  - NMFS\tdavis3 (User)
  - NMFS\Domain Admins (Group)
  - NMFS\HQNessusScan (User)","Oct 14, 2016 05:36:35 UTC"
"10902","199.242.231.42","NOAA4400-NMFS-SEC CyberScope","Plugin Output: 
The following users are members of the 'Administrators' group :

  - SECMD1754031GDI\Renamed_Admin (User)
  - SECMD1754031GDI\user (User)
  - NMFS\Domain Admins (Group)
  - NMFS\SEC Miami OU Owners (Group)
  - SECMD1754031GDI\FDCC-Admin (User)
  - SECMD1754031GDI\USER-Admin (User)
  - NMFS\tdavis3 (User)
  - NMFS\HQNessusScan (User)","Oct 14, 2016 05:36:35 UTC"
"10902","199.242.231.51","NOAA4400-NMFS-SEC CyberScope","Plugin Output: 
The following users are members of the 'Administrators' group :

  - SECMD4186814AMA\Renamed_Admin (User)
  - SECMD4186814AMA\user (User)
  - NMFS\Domain Admins (Group)
  - NMFS\SEC Miami OU Owners (Group)
  - NMFS\tdavis3 (User)
  - SECMD4186814AMA\FDCC-Admin (User)
  - SECMD4186814AMA\USER-Admin (User)
  - NMFS\HQNessusScan (User)","Oct 14, 2016 05:36:35 UTC"
"10902","199.242.231.52","NOAA4400-NMFS-SEC CyberScope","Plugin Output: 
The following users are members of the 'Administrators' group :

  - SECML4186893MBR\Renamed_Admin (User)
  - SECML4186893MBR\user (User)
  - NMFS\Domain Admins (Group)
  - NMFS\SEC Miami OU Owners (Group)
  - NMFS\tdavis3 (User)
  - NMFS\HQNessusScan (User)
  - SECML4186893MBR\FDCC-Admin (User)
  - SECML4186893MBR\USER-Admin (User)","Oct 14, 2016 05:36:35 UTC"
"10902","199.242.231.53","NOAA4400-NMFS-SEC CyberScope","Plugin Output: 
The following users are members of the 'Administrators' group :

  - SECML1635347SMC\Renamed_Admin (User)
  - SECML1635347SMC\user (User)
  - NMFS\Domain Admins (Group)
  - NMFS\SEC Miami OU Owners (Group)
  - SECML1635347SMC\FDCC-Admin (User)
  - SECML1635347SMC\USER-Admin (User)
  - NMFS\tdavis3 (User)
  - NMFS\HQNessusScan (User)","Oct 14, 2016 05:36:35 UTC"
"10902","199.242.231.54","NOAA4400-NMFS-SEC CyberScope","Plugin Output: 
The following users are members of the 'Administrators' group :

  - SECMD4101218EPE\Renamed_Admin (User)
  - SECMD4101218EPE\user (User)
  - NMFS\Domain Admins (Group)
  - NMFS\SEC Miami OU Owners (Group)
  - SECMD4101218EPE\FDCC-Admin (User)
  - SECMD4101218EPE\USER-Admin (User)
  - NMFS\tdavis3 (User)
  - NMFS\HQNessusScan (User)","Oct 14, 2016 05:36:35 UTC"
"10902","199.242.231.56","NOAA4400-NMFS-SEC CyberScope","Plugin Output: 
The following users are members of the 'Administrators' group :

  - SHargrov1635594\Renamed_Admin (User)
  - SHargrov1635594\user (User)
  - SHargrov1635594\FDCC-Admin (User)
  - SHargrov1635594\USER-Admin (User)
  - NMFS\Domain Admins (Group)
  - NMFS\SEC Miami OU Owners (Group)
  - NMFS\tdavis3 (User)
  - NMFS\HQNessusScan (User)","Oct 14, 2016 05:36:35 UTC"
"10902","199.242.231.57","NOAA4400-NMFS-SEC CyberScope","Plugin Output: 
The following users are members of the 'Administrators' group :

  - SECMD1632735\Renamed_Admin (User)
  - SECMD1632735\user (User)
  - SECMD1632735\FDCC-Admin (User)
  - SECMD1632735\USER-Admin (User)
  - NMFS\Domain Admins (Group)
  - NMFS\SEC Miami OU Owners (Group)
  - NMFS\tdavis3 (User)
  - NMFS\HQNessusScan (User)","Oct 14, 2016 05:36:35 UTC"
"10902","199.242.231.58","NOAA4400-NMFS-SEC CyberScope","Plugin Output: 
The following users are members of the 'Administrators' group :

  - SECMD1632738\Renamed_Admin (User)
  - SECMD1632738\user (User)
  - SECMD1632738\FDCC-Admin (User)
  - SECMD1632738\USER-Admin (User)
  - NMFS\Domain Admins (Group)
  - NMFS\SEC Miami OU Owners (Group)
  - NMFS\tdavis3 (User)
  - NMFS\HQNessusScan (User)","Oct 14, 2016 05:36:35 UTC"
"10902","199.242.231.59","NOAA4400-NMFS-SEC CyberScope","Plugin Output: 
The following users are members of the 'Administrators' group :

  - SECML1635346DBR\Renamed_Admin (User)
  - SECML1635346DBR\user (User)
  - NMFS\Domain Admins (Group)
  - NMFS\SEC Miami OU Owners (Group)
  - SECML1635346DBR\FDCC-Admin (User)
  - SECML1635346DBR\USER-Admin (User)
  - NMFS\tdavis3 (User)
  - NMFS\HQNessusScan (User)","Oct 14, 2016 05:36:35 UTC"
"10902","199.242.231.68","NOAA4400-NMFS-SEC CyberScope","Plugin Output: 
The following users are members of the 'Administrators' group :

  - SECMDARTECH-YJ\Renamed_Admin (User)
  - SECMDARTECH-YJ\Yanet Jimenez (User)
  - NMFS\Domain Admins (Group)
  - NMFS\SEC Miami OU Owners (Group)
  - SECMDARTECH-YJ\FDCC-Admin (User)
  - SECMDARTECH-YJ\USER-Admin (User)
  - NMFS\tdavis3 (User)
  - NMFS\HQNessusScan (User)","Oct 14, 2016 05:36:35 UTC"
"10902","199.242.231.71","NOAA4400-NMFS-SEC CyberScope","Plugin Output: 
The following users are members of the 'Administrators' group :

  - SECMD4186929LGA\Renamed_Admin (User)
  - SECMD4186929LGA\User (User)
  - NMFS\Domain Admins (Group)
  - NMFS\SEC Miami OU Owners (Group)
  - NMFS\tdavis3 (User)
  - NMFS\HQNessusScan (User)
  - SECMD4186929LGA\FDCC-Admin (User)
  - SECMD4186929LGA\USER-Admin (User)","Oct 11, 2016 22:54:03 UTC"
"10902","199.242.231.72","NOAA4400-NMFS-SEC CyberScope","Plugin Output: 
The following users are members of the 'Administrators' group :

  - SECMD1635508JOO\Renamed_Admin (User)
  - SECMD1635508JOO\user (User)
  - NMFS\Domain Admins (Group)
  - NMFS\SEC Miami OU Owners (Group)
  - NMFS\tdavis3 (User)
  - SECMD1635508JOO\FDCC-Admin (User)
  - SECMD1635508JOO\USER-Admin (User)
  - NMFS\1-5-21-1625102663-4013227018-1311561448-25779 (Unknown)
  - NMFS\HQNessusScan (User)","Oct 14, 2016 05:36:35 UTC"
"10902","199.242.231.73","NOAA4400-NMFS-SEC CyberScope","Plugin Output: 
The following users are members of the 'Administrators' group :

  - SECMD4186811IHO\Renamed_Admin (User)
  - SECMD4186811IHO\user (User)
  - NMFS\Domain Admins (Group)
  - NMFS\SEC Miami OU Owners (Group)
  - NMFS\tdavis3 (User)
  - SECMD4186811IHO\FDCC-Admin (User)
  - SECMD4186811IHO\USER-Admin (User)
  - NMFS\HQNessusScan (User)","Oct 14, 2016 05:36:35 UTC"
"10902","199.242.231.74","NOAA4400-NMFS-SEC CyberScope","Plugin Output: 
The following users are members of the 'Administrators' group :

  - SECML4222928JGR\Renamed_Admin (User)
  - SECML4222928JGR\user (User)
  - NMFS\Domain Admins (Group)
  - NMFS\SEC Miami OU Owners (Group)
  - NMFS\tdavis3 (User)
  - NMFS\HQNessusScan (User)","Oct 14, 2016 05:36:35 UTC"
"10902","199.242.231.77","NOAA4400-NMFS-SEC CyberScope","Plugin Output: 
The following users are members of the 'Administrators' group :

  - CPORCH1635567\Renamed_Admin (User)
  - CPORCH1635567\FDCC-Admin (User)
  - CPORCH1635567\USER-Admin (User)
  - NMFS\Domain Admins (Group)
  - NMFS\SEC Miami OU Owners (Group)
  - NMFS\tdavis3 (User)
  - NMFS\HQNessusScan (User)
  - NMFS\Clay.Porch (User)","Oct 14, 2016 05:36:35 UTC"
"10902","199.242.231.78","NOAA4400-NMFS-SEC CyberScope","Plugin Output: 
The following users are members of the 'Administrators' group :

  - SECMD4222829TJA\Renamed_Admin (User)
  - SECMD4222829TJA\user (User)
  - NMFS\Domain Admins (Group)
  - NMFS\SEC Miami OU Owners (Group)
  - NMFS\tdavis3 (User)
  - NMFS\HQNessusScan (User)
  - SECMD4222829TJA\FDCC-Admin (User)
  - SECMD4222829TJA\USER-Admin (User)","Oct 11, 2016 22:54:03 UTC"
"10902","199.242.231.79","NOAA4400-NMFS-SEC CyberScope","Plugin Output: 
The following users are members of the 'Administrators' group :

  - SECMD1632776JBO\Renamed_Admin (User)
  - SECMD1632776JBO\user (User)
  - SECMD1632776JBO\FDCC-Admin (User)
  - SECMD1632776JBO\USER-Admin (User)
  - NMFS\jholzman (User)
  - NMFS\jholzman (User)
  - NMFS\Domain Admins (Group)
  - NMFS\SEC Miami OU Owners (Group)
  - NMFS\tdavis3 (User)
  - NMFS\HQNessusScan (User)","Oct 14, 2016 05:36:35 UTC"
"10902","199.242.231.80","NOAA4400-NMFS-SEC CyberScope","Plugin Output: 
The following users are members of the 'Administrators' group :

  - SECMD4100847BPI\Renamed_Admin (User)
  - SECMD4100847BPI\user (User)
  - NMFS\Domain Admins (Group)
  - NMFS\SEC Miami OU Owners (Group)
  - SECMD4100847BPI\FDCC-Admin (User)
  - SECMD4100847BPI\USER-Admin (User)
  - NMFS\tdavis3 (User)
  - NMFS\HQNessusScan (User)","Oct 14, 2016 05:36:35 UTC"
"10902","199.242.231.81","NOAA4400-NMFS-SEC CyberScope","Plugin Output: 
The following users are members of the 'Administrators' group :

  - SECML1635504SCH\Renamed_Admin (User)
  - SECML1635504SCH\user (User)
  - NMFS\Domain Admins (Group)
  - NMFS\SEC Miami OU Owners (Group)
  - NMFS\tdavis3 (User)
  - SECML1635504SCH\FDCC-Admin (User)
  - SECML1635504SCH\USER-Admin (User)
  - NMFS\HQNessusScan (User)","Oct 11, 2016 22:54:03 UTC"
"10902","199.242.231.82","NOAA4400-NMFS-SEC CyberScope","Plugin Output: 
The following users are members of the 'Administrators' group :

  - SECMD1635502KKE\Renamed_Admin (User)
  - SECMD1635502KKE\user (User)
  - NMFS\Domain Admins (Group)
  - NMFS\SEC Miami OU Owners (Group)
  - NMFS\tdavis3 (User)
  - SECMD1635502KKE\FDCC-Admin (User)
  - SECMD1635502KKE\USER-Admin (User)
  - NMFS\HQNessusScan (User)","Oct 11, 2016 22:54:03 UTC"
"10902","199.242.231.83","NOAA4400-NMFS-SEC CyberScope","Plugin Output: 
The following users are members of the 'Administrators' group :

  - SECMD4186810LAR\Renamed_Admin (User)
  - SECMD4186810LAR\user (User)
  - NMFS\Domain Admins (Group)
  - NMFS\SEC Miami OU Owners (Group)
  - NMFS\tdavis3 (User)
  - SECMD4186810LAR\FDCC-Admin (User)
  - SECMD4186810LAR\USER-Admin (User)
  - NMFS\HQNessusScan (User)","Oct 14, 2016 05:36:35 UTC"
"10902","199.242.231.84","NOAA4400-NMFS-SEC CyberScope","Plugin Output: 
The following users are members of the 'Administrators' group :

  - SECMD1635474ASH\Renamed_Admin (User)
  - SECMD1635474ASH\user (User)
  - NMFS\Domain Admins (Group)
  - NMFS\SEC Miami OU Owners (Group)
  - SECMD1635474ASH\FDCC-Admin (User)
  - SECMD1635474ASH\USER-Admin (User)
  - NMFS\tdavis3 (User)
  - NMFS\HQNessusScan (User)","Oct 11, 2016 22:54:03 UTC"
"10902","199.242.231.88","NOAA4400-NMFS-SEC CyberScope","Plugin Output: 
The following users are members of the 'Administrators' group :

  - SECML4097945NBA\Renamed_Admin (User)
  - SECML4097945NBA\user (User)
  - SECML4097945NBA\FDCC-Admin (User)
  - SECML4097945NBA\USER-Admin (User)
  - NMFS\Domain Admins (Group)
  - NMFS\SEC Miami OU Owners (Group)
  - NMFS\tdavis3 (User)
  - NMFS\HQNessusScan (User)","Oct 11, 2016 22:54:03 UTC"
"10902","199.242.231.89","NOAA4400-NMFS-SEC CyberScope","Plugin Output: 
The following users are members of the 'Administrators' group :

  - SECMDARTECH-JB\Renamed_Admin (User)
  - SECMDARTECH-JB\Jesse M. Bazelais (User)
  - NMFS\Domain Admins (Group)
  - NMFS\SEC Miami OU Owners (Group)
  - NMFS\Jesse.Bazelais (User)
  - NMFS\tdavis3 (User)
  - NMFS\HQNessusScan (User)","Oct 14, 2016 05:36:35 UTC"
"10902","199.242.231.91","NOAA4400-NMFS-SEC CyberScope","Plugin Output: 
The following users are members of the 'Administrators' group :

  - SECMD1635361KKE\Renamed_Admin (User)
  - SECMD1635361KKE\user (User)
  - NMFS\Domain Admins (Group)
  - NMFS\SEC Miami OU Owners (Group)
  - SECMD1635361KKE\FDCC-Admin (User)
  - SECMD1635361KKE\USER-Admin (User)
  - NMFS\tdavis3 (User)
  - NMFS\HQNessusScan (User)","Oct 14, 2016 05:36:35 UTC"
"10902","199.242.231.92","NOAA4400-NMFS-SEC CyberScope","Plugin Output: 
The following users are members of the 'Administrators' group :

  - SECMD4099209AMA\Renamed_Admin (User)
  - SECMD4099209AMA\user (User)
  - SECMD4099209AMA\FDCC-Admin (User)
  - SECMD4099209AMA\USER-Admin (User)
  - NMFS\Domain Admins (Group)
  - NMFS\SEC Miami OU Owners (Group)
  - NMFS\tdavis3 (User)
  - NMFS\HQNessusScan (User)","Oct 14, 2016 05:36:35 UTC"
"10902","199.242.231.93","NOAA4400-NMFS-SEC CyberScope","Plugin Output: 
The following users are members of the 'Administrators' group :

  - SECMD4186837JBR\Renamed_Admin (User)
  - SECMD4186837JBR\user (User)
  - NMFS\Domain Admins (Group)
  - NMFS\SEC Miami OU Owners (Group)
  - NMFS\tdavis3 (User)
  - SECMD4186837JBR\FDCC-Admin (User)
  - SECMD4186837JBR\USER-Admin (User)
  - NMFS\HQNessusScan (User)","Oct 14, 2016 05:36:35 UTC"
"10902","199.242.231.94","NOAA4400-NMFS-SEC CyberScope","Plugin Output: 
The following users are members of the 'Administrators' group :

  - SECMD4222839MBE\Renamed_Admin (User)
  - SECMD4222839MBE\User (User)
  - NMFS\Domain Admins (Group)
  - NMFS\SEC Miami OU Owners (Group)
  - NMFS\tdavis3 (User)
  - NMFS\HQNessusScan (User)","Oct 14, 2016 05:36:35 UTC"
"10902","199.242.231.95","NOAA4400-NMFS-SEC CyberScope","Plugin Output: 
The following users are members of the 'Administrators' group :

  - SECMD1635407SEC\Renamed_Admin (User)
  - SECMD1635407SEC\user (User)
  - NMFS\Domain Admins (Group)
  - NMFS\SEC Miami OU Owners (Group)
  - NMFS\tdavis3 (User)
  - SECMD1635407SEC\FDCC-Admin (User)
  - SECMD1635407SEC\USER-Admin (User)
  - NMFS\HQNessusScan (User)","Oct 14, 2016 05:36:35 UTC"
"10902","199.242.231.96","NOAA4400-NMFS-SEC CyberScope","Plugin Output: 
The following users are members of the 'Administrators' group :

  - SECMD1533223NBA\Renamed_Admin (User)
  - SECMD1533223NBA\user (User)
  - NMFS\Domain Admins (Group)
  - NMFS\SEC Miami OU Owners (Group)
  - SECMD1533223NBA\FDCC-Admin (User)
  - SECMD1533223NBA\USER-Admin (User)
  - NMFS\tdavis3 (User)
  - NMFS\HQNessusScan (User)","Oct 14, 2016 05:36:35 UTC"
"10902","199.242.231.97","NOAA4400-NMFS-SEC CyberScope","Plugin Output: 
The following users are members of the 'Administrators' group :

  - SECMDARTECH\Renamed_Admin (User)
  - SECMDARTECH\user (User)
  - NMFS\Domain Admins (Group)
  - NMFS\SEC Miami OU Owners (Group)
  - SECMDARTECH\FDCC-Admin (User)
  - SECMDARTECH\USER-Admin (User)
  - SECMDARTECH\jay (User)
  - NMFS\tdavis3 (User)
  - NMFS\jay.o'leary (User)
  - NMFS\HQNessusScan (User)","Oct 14, 2016 05:36:35 UTC"
"10902","199.242.231.98","NOAA4400-NMFS-SEC CyberScope","Plugin Output: 
The following users are members of the 'Administrators' group :

  - SECMD1694758MHE\Renamed_Admin (User)
  - SECMD1694758MHE\user (User)
  - NMFS\Domain Admins (Group)
  - NMFS\SEC Miami OU Owners (Group)
  - SECMD1694758MHE\FDCC-Admin (User)
  - SECMD1694758MHE\USER-Admin (User)
  - NMFS\tdavis3 (User)
  - NMFS\HQNessusScan (User)","Oct 11, 2016 22:54:03 UTC"
"10902","199.242.231.99","NOAA4400-NMFS-SEC CyberScope","Plugin Output: 
The following users are members of the 'Administrators' group :

  - SECML1635517MMI\Renamed_Admin (User)
  - SECML1635517MMI\user (User)
  - NMFS\Domain Admins (Group)
  - NMFS\SEC Miami OU Owners (Group)
  - NMFS\tdavis3 (User)
  - SECML1635517MMI\FDCC-Admin (User)
  - SECML1635517MMI\USER-Admin (User)
  - NMFS\HQNessusScan (User)","Oct 14, 2016 05:36:35 UTC"
"10902","199.242.231.100","NOAA4400-NMFS-SEC CyberScope","Plugin Output: 
The following users are members of the 'Administrators' group :

  - SECMD1533077BST\Renamed_Admin (User)
  - SECMD1533077BST\user (User)
  - NMFS\Domain Admins (Group)
  - NMFS\SEC Miami OU Owners (Group)
  - NMFS\tdavis3 (User)
  - SECMD1533077BST\FDCC-Admin (User)
  - SECMD1533077BST\USER-Admin (User)
  - NMFS\HQNessusScan (User)","Oct 14, 2016 05:36:35 UTC"
"10902","199.242.231.101","NOAA4400-NMFS-SEC CyberScope","Plugin Output: 
The following users are members of the 'Administrators' group :

  - NCummin1635557\Renamed_Admin (User)
  - NCummin1635557\Nancie Cummings (User)
  - NCummin1635557\FDCC-Admin (User)
  - NCummin1635557\USER-Admin (User)
  - NMFS\Domain Admins (Group)
  - NMFS\SEC Miami OU Owners (Group)
  - NMFS\nancie.cummings (User)
  - NMFS\tdavis3 (User)
  - NMFS\HQNessusScan (User)","Oct 14, 2016 05:36:35 UTC"
"10902","199.242.231.102","NOAA4400-NMFS-SEC CyberScope","Plugin Output: 
The following users are members of the 'Administrators' group :

  - SECMD1632770SHO\Renamed_Admin (User)
  - SECMD1632770SHO\user (User)
  - SECMD1632770SHO\FDCC-Admin (User)
  - SECMD1632770SHO\USER-Admin (User)
  - NMFS\Domain Admins (Group)
  - NMFS\SEC Miami OU Owners (Group)
  - NMFS\tdavis3 (User)
  - NMFS\HQNessusScan (User)","Oct 14, 2016 05:36:35 UTC"
"10902","199.242.231.104","NOAA4400-NMFS-SEC CyberScope","Plugin Output: 
The following users are members of the 'Administrators' group :

  - SECMD1635461JSA\Renamed_Admin (User)
  - SECMD1635461JSA\user (User)
  - NMFS\Domain Admins (Group)
  - NMFS\SEC Miami OU Owners (Group)
  - NMFS\tdavis3 (User)
  - SECMD1635461JSA\FDCC-Admin (User)
  - SECMD1635461JSA\USER-Admin (User)
  - NMFS\HQNessusScan (User)","Oct 14, 2016 05:36:35 UTC"
"10902","199.242.231.105","NOAA4400-NMFS-SEC CyberScope","Plugin Output: 
The following users are members of the 'Administrators' group :

  - SECMD1694758MHE\Renamed_Admin (User)
  - SECMD1694758MHE\user (User)
  - NMFS\Domain Admins (Group)
  - NMFS\SEC Miami OU Owners (Group)
  - SECMD1694758MHE\FDCC-Admin (User)
  - SECMD1694758MHE\USER-Admin (User)
  - NMFS\tdavis3 (User)
  - NMFS\HQNessusScan (User)","Oct 14, 2016 05:36:35 UTC"
"10902","199.242.231.106","NOAA4400-NMFS-SEC CyberScope","Plugin Output: 
The following users are members of the 'Administrators' group :

  - MBRYAN1533255\Renamed_Admin (User)
  - MBRYAN1533255\FDCC-Admin (User)
  - MBRYAN1533255\USER-Admin (User)
  - NMFS\Domain Admins (Group)
  - NMFS\SEC Miami OU Owners (Group)
  - NMFS\tdavis3 (User)
  - NMFS\HQNessusScan (User)","Oct 14, 2016 05:36:35 UTC"
"10902","199.242.231.108","NOAA4400-NMFS-SEC CyberScope","Plugin Output: 
The following users are members of the 'Administrators' group :

  - SECMD1635395AZY\Renamed_Admin (User)
  - SECMD1635395AZY\user (User)
  - NMFS\Domain Admins (Group)
  - NMFS\SEC Miami OU Owners (Group)
  - NMFS\tdavis3 (User)
  - SECMD1635395AZY\FDCC-Admin (User)
  - SECMD1635395AZY\USER-Admin (User)
  - NMFS\HQNessusScan (User)","Oct 13, 2016 05:33:26 UTC"
"10902","199.242.231.109","NOAA4400-NMFS-SEC CyberScope","Plugin Output: 
The following users are members of the 'Administrators' group :

  - SECMD4101220DSE\Renamed_Admin (User)
  - SECMD4101220DSE\user (User)
  - NMFS\Domain Admins (Group)
  - NMFS\SEC Miami OU Owners (Group)
  - SECMD4101220DSE\FDCC-Admin (User)
  - SECMD4101220DSE\USER-Admin (User)
  - NMFS\tdavis3 (User)
  - NMFS\HQNessusScan (User)","Oct 14, 2016 05:36:35 UTC"
"10902","199.242.231.110","NOAA4400-NMFS-SEC CyberScope","Plugin Output: 
The following users are members of the 'Administrators' group :

  - HBAERT1635566\Renamed_Admin (User)
  - HBAERT1635566\FDCC-Admin (User)
  - HBAERT1635566\USER-Admin (User)
  - NMFS\Domain Admins (Group)
  - NMFS\SEC Miami OU Owners (Group)
  - NMFS\tdavis3 (User)
  - NMFS\HQNessusScan (User)","Oct 12, 2016 05:29:47 UTC"
"10902","199.242.231.111","NOAA4400-NMFS-SEC CyberScope","Plugin Output: 
The following users are members of the 'Administrators' group :

  - SECMD4186904BMA\Renamed_Admin (User)
  - SECMD4186904BMA\user (User)
  - NMFS\Domain Admins (Group)
  - NMFS\SEC Miami OU Owners (Group)
  - NMFS\tdavis3 (User)
  - NMFS\HQNessusScan (User)
  - SECMD4186904BMA\FDCC-Admin (User)
  - SECMD4186904BMA\USER-Admin (User)","Oct 14, 2016 05:36:35 UTC"
"10902","199.242.231.112","NOAA4400-NMFS-SEC CyberScope","Plugin Output: 
The following users are members of the 'Administrators' group :

  - SECMD4098795JWA\Renamed_Admin (User)
  - SECMD4098795JWA\user (User)
  - NMFS\Domain Admins (Group)
  - NMFS\SEC Miami OU Owners (Group)
  - NMFS\tdavis3 (User)
  - NMFS\HQNessusScan (User)
  - SECMD4098795JWA\FDCC-Admin (User)
  - SECMD4098795JWA\USER-Admin (User)","Oct 14, 2016 05:36:35 UTC"
"10902","199.242.231.113","NOAA4400-NMFS-SEC CyberScope","Plugin Output: 
The following users are members of the 'Administrators' group :

  - JQuinl1532001\Renamed_Admin (User)
  - JQuinl1532001\user (User)
  - JQuinl1532001\FDCC-Admin (User)
  - JQuinl1532001\USER-Admin (User)
  - NMFS\Domain Admins (Group)
  - NMFS\SEC Miami OU Owners (Group)
  - NMFS\tdavis3 (User)
  - NMFS\HQNessusScan (User)","Oct 14, 2016 05:36:35 UTC"
"10902","199.242.231.116","NOAA4400-NMFS-SEC CyberScope","Plugin Output: 
The following users are members of the 'Administrators' group :

  - SECMD1635290SCA\Renamed_Admin (User)
  - SECMD1635290SCA\USER (User)
  - SECMD1635290SCA\FDCC-Admin (User)
  - SECMD1635290SCA\USER-Admin (User)
  - NMFS\Domain Admins (Group)
  - NMFS\SEC Miami OU Owners (Group)
  - NMFS\tdavis3 (User)
  - NMFS\HQNessusScan (User)","Oct 14, 2016 05:36:35 UTC"
"10902","199.242.231.117","NOAA4400-NMFS-SEC CyberScope","Plugin Output: 
The following users are members of the 'Administrators' group :

  - SECMD1532010ELH\Renamed_Admin (User)
  - SECMD1532010ELH\User (User)
  - NMFS\Domain Admins (Group)
  - NMFS\SEC Miami OU Owners (Group)
  - NMFS\tdavis3 (User)
  - NMFS\HQNessusScan (User)
  - SECMD1532010ELH\FDCC-Admin (User)
  - SECMD1532010ELH\USER-Admin (User)","Oct 14, 2016 05:36:35 UTC"
"10902","199.242.231.126","NOAA4400-NMFS-SEC CyberScope","Plugin Output: 
The following users are members of the 'Administrators' group :

  - SECMD4100525JCO\Renamed_Admin (User)
  - SECMD4100525JCO\user (User)
  - NMFS\Domain Admins (Group)
  - NMFS\SEC Miami OU Owners (Group)
  - SECMD4100525JCO\FDCC-Admin (User)
  - SECMD4100525JCO\USER-Admin (User)
  - NMFS\tdavis3 (User)
  - NMFS\HQNessusScan (User)","Oct 14, 2016 05:36:35 UTC"
"10902","199.242.231.127","NOAA4400-NMFS-SEC CyberScope","Plugin Output: 
The following users are members of the 'Administrators' group :

  - SECMD1632774RHA\Renamed_Admin (User)
  - SECMD1632774RHA\user (User)
  - SECMD1632774RHA\FDCC-Admin (User)
  - SECMD1632774RHA\USER-Admin (User)
  - NMFS\Domain Admins (Group)
  - NMFS\SEC Miami OU Owners (Group)
  - NMFS\tdavis3 (User)
  - NMFS\HQNessusScan (User)","Oct 14, 2016 05:36:35 UTC"
"10902","199.242.231.128","NOAA4400-NMFS-SEC CyberScope","Plugin Output: 
The following users are members of the 'Administrators' group :

  - SECMD1632741\Renamed_Admin (User)
  - SECMD1632741\user (User)
  - SECMD1632741\FDCC-Admin (User)
  - SECMD1632741\USER-Admin (User)
  - NMFS\Domain Admins (Group)
  - NMFS\SEC Miami OU Owners (Group)
  - NMFS\tdavis3 (User)
  - NMFS\HQNessusScan (User)","Oct 14, 2016 05:36:35 UTC"
"10902","199.242.231.129","NOAA4400-NMFS-SEC CyberScope","Plugin Output: 
The following users are members of the 'Administrators' group :

  - SECMD1635358LGA\Renamed_Admin (User)
  - SECMD1635358LGA\user (User)
  - NMFS\Domain Admins (Group)
  - NMFS\SEC Miami OU Owners (Group)
  - SECMD1635358LGA\FDCC-Admin (User)
  - SECMD1635358LGA\USER-Admin (User)
  - NMFS\tdavis3 (User)
  - NMFS\HQNessusScan (User)","Oct 14, 2016 05:36:35 UTC"
"10902","199.242.231.130","NOAA4400-NMFS-SEC CyberScope","Plugin Output: 
The following users are members of the 'Administrators' group :

  - SECMD1635529JWI\Renamed_Admin (User)
  - SECMD1635529JWI\user (User)
  - NMFS\Domain Admins (Group)
  - NMFS\SEC Miami OU Owners (Group)
  - NMFS\tdavis3 (User)
  - SECMD1635529JWI\FDCC-Admin (User)
  - SECMD1635529JWI\USER-Admin (User)
  - NMFS\HQNessusScan (User)","Oct 14, 2016 05:36:35 UTC"
"10902","199.242.231.131","NOAA4400-NMFS-SEC CyberScope","Plugin Output: 
The following users are members of the 'Administrators' group :

  - SECML4222881MMC\Renamed_Admin (User)
  - SECML4222881MMC\user (User)
  - NMFS\Domain Admins (Group)
  - NMFS\SEC Miami OU Owners (Group)
  - NMFS\tdavis3 (User)
  - NMFS\HQNessusScan (User)","Oct 13, 2016 05:33:26 UTC"
"10902","199.242.231.132","NOAA4400-NMFS-SEC CyberScope","Plugin Output: 
The following users are members of the 'Administrators' group :

  - SECMD1768288CBR\Renamed_Admin (User)
  - SECMD1768288CBR\user (User)
  - NMFS\Domain Admins (Group)
  - NMFS\SEC Miami OU Owners (Group)
  - SECMD1768288CBR\FDCC-Admin (User)
  - SECMD1768288CBR\USER-Admin (User)
  - NMFS\tdavis3 (User)
  - NMFS\HQNessusScan (User)","Oct 14, 2016 05:36:35 UTC"
"10902","199.242.231.133","NOAA4400-NMFS-SEC CyberScope","Plugin Output: 
The following users are members of the 'Administrators' group :

  - WTeas1694739\Renamed_Admin (User)
  - WTeas1694739\Wendy Teas (User)
  - WTeas1694739\FDCC-Admin (User)
  - WTeas1694739\USER-Admin (User)
  - NMFS\Domain Admins (Group)
  - NMFS\SEC Miami OU Owners (Group)
  - NMFS\tdavis3 (User)
  - NMFS\HQNessusScan (User)","Oct 11, 2016 22:54:03 UTC"
"10902","199.242.231.134","NOAA4400-NMFS-SEC CyberScope","Plugin Output: 
The following users are members of the 'Administrators' group :

  - SECMD4186956TGE\Renamed_Admin (User)
  - SECMD4186956TGE\user (User)
  - NMFS\Domain Admins (Group)
  - NMFS\SEC Miami OU Owners (Group)
  - NMFS\tdavis3 (User)
  - NMFS\HQNessusScan (User)
  - SECMD4186956TGE\FDCC-Admin (User)
  - SECMD4186956TGE\USER-Admin (User)","Oct 11, 2016 22:54:03 UTC"
"10902","199.242.231.136","NOAA4400-NMFS-SEC CyberScope","Plugin Output: 
The following users are members of the 'Administrators' group :

  - CPorch1533254\Renamed_Admin (User)
  - CPorch1533254\FDCC-Admin (User)
  - CPorch1533254\USER-Admin (User)
  - NMFS\Domain Admins (Group)
  - NMFS\SEC Miami OU Owners (Group)
  - NMFS\tdavis3 (User)
  - NMFS\HQNessusScan (User)","Oct 14, 2016 05:36:35 UTC"
"10902","199.242.231.138","NOAA4400-NMFS-SEC CyberScope","Plugin Output: 
The following users are members of the 'Administrators' group :

  - SECMD4186885JHO\Renamed_Admin (User)
  - SECMD4186885JHO\user (User)
  - NMFS\SEC Miami OU Owners (Group)
  - NMFS\tdavis3 (User)
  - NMFS\HQNessusScan (User)
  - SECMD4186885JHO\FDCC-Admin (User)
  - SECMD4186885JHO\USER-Admin (User)
  - NMFS\Domain Admins (Group)
  - NMFS\SECSureSync (User)","Oct 14, 2016 05:36:35 UTC"
"10902","199.242.231.139","NOAA4400-NMFS-SEC CyberScope","Plugin Output: 
The following users are members of the 'Administrators' group :

  - SECMD1635459JMR\Renamed_Admin (User)
  - SECMD1635459JMR\user (User)
  - NMFS\Domain Admins (Group)
  - NMFS\SEC Miami OU Owners (Group)
  - SECMD1635459JMR\FDCC-Admin (User)
  - SECMD1635459JMR\USER-Admin (User)
  - NMFS\tdavis3 (User)
  - NMFS\HQNessusScan (User)","Oct 14, 2016 05:36:35 UTC"
"10902","199.242.231.144","NOAA4400-NMFS-SEC CyberScope","Plugin Output: 
The following users are members of the 'Administrators' group :

  - SECMD4101920MSC\Renamed_Admin (User)
  - SECMD4101920MSC\user (User)
  - NMFS\Domain Admins (Group)
  - NMFS\SEC Miami OU Owners (Group)
  - SECMD4101920MSC\FDCC-Admin (User)
  - SECMD4101920MSC\USER-Admin (User)
  - NMFS\tdavis3 (User)
  - NMFS\HQNessusScan (User)","Oct 14, 2016 05:36:35 UTC"
"10902","199.242.231.145","NOAA4400-NMFS-SEC CyberScope","Plugin Output: 
The following users are members of the 'Administrators' group :

  - SECMD4186922VMA\Renamed_Admin (User)
  - SECMD4186922VMA\user (User)
  - NMFS\Domain Admins (Group)
  - NMFS\SEC Miami OU Owners (Group)
  - NMFS\tdavis3 (User)
  - NMFS\HQNessusScan (User)
  - SECMD4186922VMA\FDCC-Admin (User)
  - SECMD4186922VMA\USER-Admin (User)","Oct 14, 2016 05:36:35 UTC"
"10902","199.242.231.147","NOAA4400-NMFS-SEC CyberScope","Plugin Output: 
The following users are members of the 'Administrators' group :

  - SECMD4222835JIS\Renamed_Admin (User)
  - SECMD4222835JIS\user (User)
  - NMFS\Domain Admins (Group)
  - NMFS\SEC Miami OU Owners (Group)
  - NMFS\tdavis3 (User)
  - NMFS\HQNessusScan (User)","Oct 14, 2016 05:36:35 UTC"
"10902","199.242.231.148","NOAA4400-NMFS-SEC CyberScope","Plugin Output: 
The following users are members of the 'Administrators' group :

  - SECML1635385PEY\Renamed_Admin (User)
  - SECML1635385PEY\user (User)
  - NMFS\Domain Admins (Group)
  - NMFS\SEC Miami OU Owners (Group)
  - SECML1635385PEY\FDCC-Admin (User)
  - SECML1635385PEY\USER-Admin (User)
  - NMFS\tdavis3 (User)
  - NMFS\HQNessusScan (User)","Oct 14, 2016 05:36:35 UTC"
"10902","199.242.231.149","NOAA4400-NMFS-SEC CyberScope","Plugin Output: 
The following users are members of the 'Administrators' group :

  - SECMD4186923KMC\Renamed_Admin (User)
  - SECMD4186923KMC\user (User)
  - NMFS\Domain Admins (Group)
  - NMFS\SEC Miami OU Owners (Group)
  - NMFS\tdavis3 (User)
  - NMFS\HQNessusScan (User)
  - SECMD4186923KMC\FDCC-Admin (User)
  - SECMD4186923KMC\USER-Admin (User)","Oct 14, 2016 05:36:35 UTC"
"10902","199.242.231.151","NOAA4400-NMFS-SEC CyberScope","Plugin Output: 
The following users are members of the 'Administrators' group :

  - SECMD4186928ABR\Renamed_Admin (User)
  - SECMD4186928ABR\user (User)
  - NMFS\Domain Admins (Group)
  - NMFS\SEC Miami OU Owners (Group)
  - NMFS\tdavis3 (User)
  - NMFS\HQNessusScan (User)
  - SECMD4186928ABR\FDCC-Admin (User)
  - SECMD4186928ABR\USER-Admin (User)","Oct 11, 2016 22:54:03 UTC"
"10902","199.242.231.154","NOAA4400-NMFS-SEC CyberScope","Plugin Output: 
The following users are members of the 'Administrators' group :

  - SECML1635387LMO\Renamed_Admin (User)
  - SECML1635387LMO\user (User)
  - NMFS\Domain Admins (Group)
  - NMFS\SEC Miami OU Owners (Group)
  - NMFS\tdavis3 (User)
  - SECML1635387LMO\FDCC-Admin (User)
  - SECML1635387LMO\USER-Admin (User)
  - NMFS\HQNessusScan (User)","Oct 14, 2016 05:36:35 UTC"
"10902","199.242.231.157","NOAA4400-NMFS-SEC CyberScope","Plugin Output: 
The following users are members of the 'Administrators' group :

  - SECMD1635511PRI\Renamed_Admin (User)
  - SECMD1635511PRI\user (User)
  - NMFS\Domain Admins (Group)
  - NMFS\SEC Miami OU Owners (Group)
  - NMFS\tdavis3 (User)
  - SECMD1635511PRI\FDCC-Admin (User)
  - SECMD1635511PRI\USER-Admin (User)
  - NMFS\paul.richards (User)
  - NMFS\HQNessusScan (User)","Oct 14, 2016 05:36:35 UTC"
"10902","199.242.231.158","NOAA4400-NMFS-SEC CyberScope","Plugin Output: 
The following users are members of the 'Administrators' group :

  - SECMDART8HL9FC1\Renamed_Admin (User)
  - SECMDART8HL9FC1\user (User)
  - NMFS\Domain Admins (Group)
  - NMFS\SEC Miami OU Owners (Group)
  - NMFS\tdavis3 (User)
  - SECMDART8HL9FC1\FDCC-Admin (User)
  - SECMDART8HL9FC1\USER-Admin (User)
  - SECMDART8HL9FC1\artech (User)
  - NMFS\HQNessusScan (User)","Oct 14, 2016 05:36:35 UTC"
"10902","199.242.231.163","NOAA4400-NMFS-SEC CyberScope","Plugin Output: 
The following users are members of the 'Administrators' group :

  - SECML4098181MBR\Renamed_Admin (User)
  - SECML4098181MBR\user (User)
  - SECML4098181MBR\FDCC-Admin (User)
  - SECML4098181MBR\USER-Admin (User)
  - NMFS\SEC Miami OU Owners (Group)
  - NMFS\tdavis3 (User)
  - NMFS\HQNessusScan (User)
  - NMFS\Domain Admins (Group)","Oct 14, 2016 05:36:35 UTC"
"10902","199.242.232.66","NOAA4400-NMFS-SEC CyberScope","Plugin Output: 
The following users are members of the 'Administrators' group :

  - GOLIATH\Administrator (User)
  - NMFS\Domain Admins (Group)
  - NMFS\SEC Miami OU Owners (Group)
  - NMFS\tdavis3 (User)
  - NMFS\HQNessusScan (User)
  - NMFS\jholzman (User)
  - NMFS\SECM-Arcsight-Win (User)","Oct 14, 2016 05:36:35 UTC"
"10902","199.242.232.68","NOAA4400-NMFS-SEC CyberScope","Plugin Output: 
The following users are members of the 'Administrators' group :

  - SECMD1619873\Renamed_Admin (User)
  - SECMD1619873\user (User)
  - NMFS\Domain Admins (Group)
  - NMFS\SEC Miami OU Owners (Group)
  - NMFS\tdavis3 (User)
  - SECMD1619873\FDCC-Admin (User)
  - SECMD1619873\USER-Admin (User)
  - NMFS\HQNessusScan (User)","Oct 14, 2016 05:36:35 UTC"
"10902","199.242.232.72","NOAA4400-NMFS-SEC CyberScope","Plugin Output: 
The following users are members of the 'Administrators' group :

  - SECMD4186869MSM\Renamed_Admin (User)
  - SECMD4186869MSM\user (User)
  - NMFS\Domain Admins (Group)
  - NMFS\SEC Miami OU Owners (Group)
  - NMFS\tdavis3 (User)
  - SECMD4186869MSM\FDCC-Admin (User)
  - SECMD4186869MSM\USER-Admin (User)
  - NMFS\HQNessusScan (User)","Oct 14, 2016 05:36:35 UTC"
"10902","199.242.232.73","NOAA4400-NMFS-SEC CyberScope","Plugin Output: 
The following users are members of the 'Administrators' group :

  - SECMD4186957JSE\Renamed_Admin (User)
  - SECMD4186957JSE\user (User)
  - NMFS\Domain Admins (Group)
  - NMFS\SEC Miami OU Owners (Group)
  - NMFS\tdavis3 (User)
  - NMFS\HQNessusScan (User)
  - SECMD4186957JSE\FDCC-Admin (User)
  - SECMD4186957JSE\USER-Admin (User)","Oct 14, 2016 05:36:35 UTC"
"10902","199.242.232.74","NOAA4400-NMFS-SEC CyberScope","Plugin Output: 
The following users are members of the 'Administrators' group :

  - SECMD1635442JAG\Renamed_Admin (User)
  - SECMD1635442JAG\USER (User)
  - SECMD1635442JAG\FDCC-Admin (User)
  - SECMD1635442JAG\USER-Admin (User)
  - NMFS\Domain Admins (Group)
  - NMFS\SEC Miami OU Owners (Group)
  - NMFS\tdavis3 (User)
  - NMFS\HQNessusScan (User)
  - NMFS\jholzman (User)
  - NMFS\SECSureSync (User)","Oct 14, 2016 05:36:35 UTC"
"10902","199.242.232.80","NOAA4400-NMFS-SEC CyberScope","Plugin Output: 
The following users are members of the 'Administrators' group :

  - SECML1635503JSE\Renamed_Admin (User)
  - SECML1635503JSE\user (User)
  - NMFS\Domain Admins (Group)
  - NMFS\SEC Miami OU Owners (Group)
  - NMFS\tdavis3 (User)
  - SECML1635503JSE\FDCC-Admin (User)
  - SECML1635503JSE\USER-Admin (User)
  - NMFS\HQNessusScan (User)","Oct 14, 2016 05:36:35 UTC"
"10902","199.242.232.81","NOAA4400-NMFS-SEC CyberScope","Plugin Output: 
The following users are members of the 'Administrators' group :

  - SECMD1635518IRM\Renamed_Admin (User)
  - SECMD1635518IRM\user (User)
  - NMFS\Domain Admins (Group)
  - NMFS\SEC Miami OU Owners (Group)
  - NMFS\tdavis3 (User)
  - SECMD1635518IRM\FDCC-Admin (User)
  - SECMD1635518IRM\USER-Admin (User)
  - NMFS\HQNessusScan (User)","Oct 14, 2016 05:36:35 UTC"
"10902","199.242.232.84","NOAA4400-NMFS-SEC CyberScope","Plugin Output: 
The following users are members of the 'Administrators' group :

  - SECML4186921TBR\Renamed_Admin (User)
  - SECML4186921TBR\user (User)
  - NMFS\Domain Admins (Group)
  - NMFS\SEC Miami OU Owners (Group)
  - NMFS\tdavis3 (User)
  - NMFS\HQNessusScan (User)","Oct 13, 2016 05:33:26 UTC"
"10902","199.242.232.85","NOAA4400-NMFS-SEC CyberScope","Plugin Output: 
The following users are members of the 'Administrators' group :

  - SECMD1619994BES\Renamed_Admin (User)
  - SECMD1619994BES\USER (User)
  - NMFS\Domain Admins (Group)
  - NMFS\SEC Miami OU Owners (Group)
  - NMFS\tdavis3 (User)
  - SECMD1619994BES\FDCC-Admin (User)
  - SECMD1619994BES\USER-Admin (User)
  - SECMD1619994BES\tyree (User)
  - SECMD1619994BES\shirley (User)
  - SECMD1619994BES\Mal (User)
  - NMFS\HQNessusScan (User)","Oct 14, 2016 05:36:35 UTC"
"10902","199.242.232.89","NOAA4400-NMFS-SEC CyberScope","Plugin Output: 
The following users are members of the 'Administrators' group :

  - SECMD1632737CSC\Renamed_Admin (User)
  - SECMD1632737CSC\user (User)
  - SECMD1632737CSC\FDCC-Admin (User)
  - SECMD1632737CSC\USER-Admin (User)
  - NMFS\Domain Admins (Group)
  - NMFS\SEC Miami OU Owners (Group)
  - NMFS\tdavis3 (User)
  - NMFS\HQNessusScan (User)","Oct 14, 2016 05:36:35 UTC"
"10902","199.242.232.90","NOAA4400-NMFS-SEC CyberScope","Plugin Output: 
The following users are members of the 'Administrators' group :

  - SECMD1533246AVE\Renamed_Admin (User)
  - SECMD1533246AVE\user (User)
  - NMFS\Domain Admins (Group)
  - NMFS\SEC Miami OU Owners (Group)
  - SECMD1533246AVE\FDCC-Admin (User)
  - SECMD1533246AVE\USER-Admin (User)
  - NMFS\tdavis3 (User)
  - NMFS\HQNessusScan (User)","Oct 14, 2016 05:36:35 UTC"
"10902","199.242.232.92","NOAA4400-NMFS-SEC CyberScope","Plugin Output: 
The following users are members of the 'Administrators' group :

  - SECMD1635403MAL\Renamed_Admin (User)
  - SECMD1635403MAL\user (User)
  - NMFS\Domain Admins (Group)
  - NMFS\SEC Miami OU Owners (Group)
  - NMFS\tdavis3 (User)
  - SECMD1635403MAL\FDCC-Admin (User)
  - SECMD1635403MAL\USER-Admin (User)
  - NMFS\HQNessusScan (User)","Oct 14, 2016 05:36:35 UTC"
"10902","199.242.232.97","NOAA4400-NMFS-SEC CyberScope","Plugin Output: 
The following users are members of the 'Administrators' group :

  - SECMD1619978BBO\Renamed_Admin (User)
  - SECMD1619978BBO\user (User)
  - NMFS\Domain Admins (Group)
  - NMFS\SEC Miami OU Owners (Group)
  - SECMD1619978BBO\FDCC-Admin (User)
  - SECMD1619978BBO\USER-Admin (User)
  - NMFS\tdavis3 (User)
  - NMFS\HQNessusScan (User)","Oct 14, 2016 05:36:35 UTC"
"10902","199.242.232.98","NOAA4400-NMFS-SEC CyberScope","Plugin Output: 
The following users are members of the 'Administrators' group :

  - SECMD4186882SAG\Renamed_Admin (User)
  - SECMD4186882SAG\user (User)
  - NMFS\Domain Admins (Group)
  - NMFS\SEC Miami OU Owners (Group)
  - NMFS\tdavis3 (User)
  - NMFS\HQNessusScan (User)
  - SECMD4186882SAG\FDCC-Admin (User)
  - SECMD4186882SAG\USER-Admin (User)
  - NMFS\sandra.aguilar (User)
  - SECMD4186882SAG\Sandra (User)","Oct 14, 2016 05:36:35 UTC"
"10902","199.242.232.99","NOAA4400-NMFS-SEC CyberScope","Plugin Output: 
The following users are members of the 'Administrators' group :

  - SECMD1635498DCA\Renamed_Admin (User)
  - SECMD1635498DCA\user (User)
  - NMFS\Domain Admins (Group)
  - NMFS\SEC Miami OU Owners (Group)
  - NMFS\tdavis3 (User)
  - SECMD1635498DCA\FDCC-Admin (User)
  - SECMD1635498DCA\USER-Admin (User)
  - NMFS\HQNessusScan (User)","Oct 14, 2016 05:36:35 UTC"
"10902","199.242.232.100","NOAA4400-NMFS-SEC CyberScope","Plugin Output: 
The following users are members of the 'Administrators' group :

  - SECMD1635203MSO\Renamed_Admin (User)
  - SECMD1635203MSO\user (User)
  - SECMD1635203MSO\FDCC-Admin (User)
  - SECMD1635203MSO\USER-Admin (User)
  - NMFS\Domain Admins (Group)
  - NMFS\SEC Miami OU Owners (Group)
  - NMFS\tdavis3 (User)
  - NMFS\HQNessusScan (User)","Oct 14, 2016 05:36:35 UTC"
"10902","199.242.232.101","NOAA4400-NMFS-SEC CyberScope","Plugin Output: 
The following users are members of the 'Administrators' group :

  - SECMD1632740\Renamed_Admin (User)
  - SECMD1632740\user (User)
  - SECMD1632740\FDCC-Admin (User)
  - SECMD1632740\USER-Admin (User)
  - NMFS\Domain Admins (Group)
  - NMFS\SEC Miami OU Owners (Group)
  - NMFS\tdavis3 (User)
  - NMFS\HQNessusScan (User)","Oct 14, 2016 05:36:35 UTC"
"10902","199.242.232.102","NOAA4400-NMFS-SEC CyberScope","Plugin Output: 
The following users are members of the 'Administrators' group :

  - JBohnsa1635560\Renamed_Admin (User)
  - JBohnsa1635560\FDCC-Admin (User)
  - JBohnsa1635560\USER-Admin (User)
  - NMFS\Domain Admins (Group)
  - NMFS\SEC Miami OU Owners (Group)
  - NMFS\tdavis3 (User)
  - JBohnsa1635560\Laura (User)
  - NMFS\HQNessusScan (User)","Oct 11, 2016 22:54:03 UTC"
"10902","199.242.232.106","NOAA4400-NMFS-SEC CyberScope","Plugin Output: 
The following users are members of the 'Administrators' group :

  - SECMD4098788JTE\Renamed_Admin (User)
  - SECMD4098788JTE\user (User)
  - SECMD4098788JTE\FDCC-Admin (User)
  - SECMD4098788JTE\USER-Admin (User)
  - NMFS\Domain Admins (Group)
  - NMFS\SEC Miami OU Owners (Group)
  - NMFS\tdavis3 (User)
  - NMFS\HQNessusScan (User)
  - SECMD4098788JTE\DGOETHEL (User)","Oct 13, 2016 05:33:26 UTC"
"10902","199.242.232.107","NOAA4400-NMFS-SEC CyberScope","Plugin Output: 
The following users are members of the 'Administrators' group :

  - SECMD1635263REW\Renamed_Admin (User)
  - SECMD1635263REW\user (User)
  - NMFS\Domain Admins (Group)
  - NMFS\SEC Miami OU Owners (Group)
  - NMFS\tdavis3 (User)
  - SECMD1635263REW\FDCC-Admin (User)
  - SECMD1635263REW\USER-Admin (User)
  - NMFS\HQNessusScan (User)","Oct 13, 2016 05:33:26 UTC"
"10902","199.242.232.108","NOAA4400-NMFS-SEC CyberScope","Plugin Output: 
The following users are members of the 'Administrators' group :

  - SECMD4222882MMC\Renamed_Admin (User)
  - SECMD4222882MMC\user (User)
  - NMFS\Domain Admins (Group)
  - NMFS\SEC Miami OU Owners (Group)
  - NMFS\tdavis3 (User)
  - NMFS\HQNessusScan (User)","Oct 14, 2016 05:36:35 UTC"
"10902","199.242.232.111","NOAA4400-NMFS-SEC CyberScope","Plugin Output: 
The following users are members of the 'Administrators' group :

  - SECMD1694738\Renamed_Admin (User)
  - SECMD1694738\User (User)
  - NMFS\Domain Admins (Group)
  - NMFS\SEC Miami OU Owners (Group)
  - NMFS\tdavis3 (User)
  - SECMD1694738\FDCC-Admin (User)
  - SECMD1694738\USER-Admin (User)
  - NMFS\HQNessusScan (User)","Oct 14, 2016 05:36:35 UTC"
"10902","199.242.232.116","NOAA4400-NMFS-SEC CyberScope","Plugin Output: 
The following users are members of the 'Administrators' group :

  - SECML1632645\Renamed_Admin (User)
  - SECML1632645\user (User)
  - NMFS\Domain Admins (Group)
  - NMFS\SEC Miami OU Owners (Group)
  - NMFS\tdavis3 (User)
  - NMFS\HQNessusScan (User)","Oct 14, 2016 05:36:35 UTC"
"10902","199.242.232.135","NOAA4400-NMFS-SEC CyberScope","Plugin Output: 
The following users are members of the 'Administrators' group :

  - NMFS\Domain Admins (Group)
  - NMFS\Enterprise Admins (Group)
  - NMFS\WRoot (User)","Oct 14, 2016 05:36:35 UTC"
"10902","199.242.232.137","NOAA4400-NMFS-SEC CyberScope","Plugin Output: 
The following users are members of the 'Administrators' group :

  - SECMVgrunt64\Renamed_Admin (User)
  - NMFS\SEC Miami OU Owners (Group)
  - NMFS\tdavis3 (User)
  - NMFS\HQNessusScan (User)
  - NMFS\Domain Admins (Group)
  - NMFS\SECSureSync (User)
  - NMFS\jholzman (User)
  - NMFS\1-5-21-1625102663-4013227018-1311561448-24180 (Unknown)","Oct 14, 2016 05:36:35 UTC"
"10902","199.242.232.138","NOAA4400-NMFS-SEC CyberScope","Plugin Output: 
The following users are members of the 'Administrators' group :

  - SECMVSQUID\Renamed_Admin (User)
  - NMFS\Domain Admins (Group)
  - NMFS\SEC Miami OU Owners (Group)
  - NMFS\tdavis3 (User)
  - NMFS\HQNessusScan (User)
  - NMFS\jholzman (User)
  - NMFS\SECSureSync (User)","Oct 14, 2016 05:36:35 UTC"
"10902","199.242.232.173","NOAA4400-NMFS-SEC CyberScope","Plugin Output: 
The following users are members of the 'Administrators' group :

  - SECMVPRINTS2\Administrator (User)
  - NMFS\SEC Miami OU Owners (Group)
  - NMFS\tdavis3 (User)
  - NMFS\HQNessusScan (User)
  - NMFS\SECM-Arcsight-Win (User)
  - NMFS\Domain Admins (Group)
  - NMFS\SECSureSync (User)","Oct 14, 2016 05:36:35 UTC"
"10902","199.242.232.175","NOAA4400-NMFS-SEC CyberScope","Plugin Output: 
The following users are members of the 'Administrators' group :

  - SECMSDOLPHIN\Administrator (User)
  - NMFS\Domain Admins (Group)
  - NMFS\SEC Miami OU Owners (Group)
  - NMFS\tdavis3 (User)
  - NMFS\HQNessusScan (User)
  - NMFS\1-5-21-1625102663-4013227018-1311561448-26454 (Unknown)
  - NMFS\Arcsight (User)
  - NMFS\SECM-Arcsight-Win (User)","Oct 14, 2016 05:36:35 UTC"
"10902","199.242.232.176","NOAA4400-NMFS-SEC CyberScope","Plugin Output: 
The following users are members of the 'Administrators' group :

  - SECMSNARWHAL\Administrator (User)
  - NMFS\SEC Miami OU Owners (Group)
  - NMFS\tdavis3 (User)
  - NMFS\SECSureSync (User)
  - NMFS\Domain Admins (Group)
  - NMFS\HQNessusScan (User)
  - NMFS\1-5-21-1625102663-4013227018-1311561448-26454 (Unknown)
  - NMFS\Arcsight (User)
  - NMFS\SECM-Arcsight-Win (User)","Oct 14, 2016 05:36:35 UTC"
"10902","199.242.233.2","NOAA4400-NMFS-SEC CyberScope","Plugin Output: 
The following users are members of the 'Administrators' group :

  - SECMD-BESRelay\Renamed_Admin (User)
  - SECMD-BESRelay\User (User)
  - NMFS\Domain Admins (Group)
  - NMFS\SEC Miami OU Owners (Group)
  - SECMD-BESRelay\FDCC-Admin (User)
  - SECMD-BESRelay\USER-Admin (User)
  - SECMD-BESRelay\hshirley (User)
  - NMFS\tdavis3 (User)
  - NMFS\HQNessusScan (User)","Oct 14, 2016 05:36:35 UTC"
